miniconda3 module
Loading cuda/12.8.1-none-none-t36eb3s
  Loading requirement: glibc/2.34-none-none-7qqmrr2
    gcc-runtime/11.3.1-none-none-djqlpjr libiconv/1.18-gcc-11.3.1-rmlg27i
    xz/5.6.3-gcc-11.3.1-zav6bit zlib-ng/2.2.4-gcc-11.3.1-so27noa
    libxml2/2.13.5-gcc-11.3.1-ma3gfat
Nodo:
gnode03.hpc.prv
GPU:
Wed Jul  8 09:00:41 2026       
+---------------------------------------------------------------------------------------+
| NVIDIA-SMI 535.104.12             Driver Version: 535.104.12   CUDA Version: 12.2     |
|-----------------------------------------+----------------------+----------------------+
| GPU  Name                 Persistence-M | Bus-Id        Disp.A | Volatile Uncorr. ECC |
| Fan  Temp   Perf          Pwr:Usage/Cap |         Memory-Usage | GPU-Util  Compute M. |
|                                         |                      |               MIG M. |
|=========================================+======================+======================|
|   0  NVIDIA L40S                    On  | 00000000:63:00.0 Off |                    0 |
| N/A   29C    P0              81W / 350W |     23MiB / 46068MiB |      0%      Default |
|                                         |                      |                  N/A |
+-----------------------------------------+----------------------+----------------------+
                                                                                         
+---------------------------------------------------------------------------------------+
| Processes:                                                                            |
|  GPU   GI   CI        PID   Type   Process name                            GPU Memory |
|        ID   ID                                                             Usage      |
|=======================================================================================|
|    0   N/A  N/A      2128      G   /usr/libexec/Xorg                            14MiB |
+---------------------------------------------------------------------------------------+
Controllo Python:
/hpc/home/mformenton/.conda/envs/prolog-asp/bin/python
Python 3.11.15
Test CUDA:
CUDA disponibile: True
NVIDIA L40S
Numero esempi input:
4950 data/prolog_for_asp.jsonl
Pulizia vecchi output full...
Avvio generazione ASP su intero dataset...
Test generato: 1
Test generato: 2
Test generato: 3
Test generato: 4
Test generato: 5
Test generato: 6
Test generato: 7
Test generato: 8
Test generato: 9
Test generato: 10
Test generato: 11
Test generato: 12
Test generato: 13
Test generato: 14
Test generato: 15
Test generato: 16
Test generato: 17
Test generato: 18
Test generato: 19
Test generato: 20
Test generato: 21
Test generato: 22
Test generato: 23
Test generato: 24
Test generato: 25
Test generato: 26
Test generato: 27
Test generato: 28
Test generato: 29
Test generato: 30
Test generato: 31
Test generato: 32
Test generato: 33
Test generato: 34
Test generato: 35
Test generato: 36
Test generato: 37
Test generato: 38
Test generato: 39
Test generato: 40
Test generato: 41
Test generato: 42
Test generato: 43
Test generato: 44
Test generato: 45
Test generato: 46
Test generato: 47
Test generato: 48
Test generato: 49
Test generato: 50
Test generato: 51
Test generato: 52
Test generato: 53
Test generato: 54
Test generato: 55
Test generato: 56
Test generato: 57
Test generato: 58
Test generato: 59
Test generato: 60
Test generato: 61
Test generato: 62
Test generato: 63
Test generato: 64
Test generato: 65
Test generato: 66
Test generato: 67
Test generato: 68
Test generato: 69
Test generato: 70
Test generato: 71
Test generato: 72
Test generato: 73
Test generato: 74
Test generato: 75
Test generato: 76
Test generato: 77
Test generato: 78
Test generato: 79
Test generato: 80
Test generato: 81
Test generato: 82
Test generato: 83
Test generato: 84
Test generato: 85
Test generato: 86
Test generato: 87
Test generato: 88
Test generato: 89
Test generato: 90
Test generato: 91
Test generato: 92
Test generato: 93
Test generato: 94
Test generato: 95
Test generato: 96
Test generato: 97
Test generato: 98
Test generato: 99
Test generato: 100
Test generato: 101
Test generato: 102
Test generato: 103
Test generato: 104
Test generato: 105
Test generato: 106
Test generato: 107
Test generato: 108
Test generato: 109
Test generato: 110
Test generato: 111
Test generato: 112
Test generato: 113
Test generato: 114
Test generato: 115
Test generato: 116
Test generato: 117
Test generato: 118
Test generato: 119
Test generato: 120
Test generato: 121
Test generato: 122
Test generato: 123
Test generato: 124
Test generato: 125
Test generato: 126
Test generato: 127
Test generato: 128
Test generato: 129
Test generato: 130
Test generato: 131
Test generato: 132
Test generato: 133
Test generato: 134
Test generato: 135
Test generato: 136
Test generato: 137
Test generato: 138
Test generato: 139
Test generato: 140
Test generato: 141
Test generato: 142
Test generato: 143
Test generato: 144
Test generato: 145
Test generato: 146
Test generato: 147
Test generato: 148
Test generato: 149
Test generato: 150
Test generato: 151
Test generato: 152
Test generato: 153
Test generato: 154
Test generato: 155
Test generato: 156
Test generato: 157
Test generato: 158
Test generato: 159
Test generato: 160
Test generato: 161
Test generato: 162
Test generato: 163
Test generato: 164
Test generato: 165
Test generato: 166
Test generato: 167
Test generato: 168
Test generato: 169
Test generato: 170
Test generato: 171
Test generato: 172
Test generato: 173
Test generato: 174
Test generato: 175
Test generato: 176
Test generato: 177
Test generato: 178
Test generato: 179
Test generato: 180
Test generato: 181
Test generato: 182
Test generato: 183
Test generato: 184
Test generato: 185
Test generato: 186
Test generato: 187
Test generato: 188
Test generato: 189
Test generato: 190
Test generato: 191
Test generato: 192
Test generato: 193
Test generato: 194
Test generato: 195
Test generato: 196
Test generato: 197
Test generato: 198
Test generato: 199
Test generato: 200
Test generato: 201
Test generato: 202
Test generato: 203
Test generato: 204
Test generato: 205
Test generato: 206
Test generato: 207
Test generato: 208
Test generato: 209
Test generato: 210
Test generato: 211
Test generato: 212
Test generato: 213
Test generato: 214
Test generato: 215
Test generato: 216
Test generato: 217
Test generato: 218
Test generato: 219
Test generato: 220
Test generato: 221
Test generato: 222
Test generato: 223
Test generato: 224
Test generato: 225
Test generato: 226
Test generato: 227
Test generato: 228
Test generato: 229
Test generato: 230
Test generato: 231
Test generato: 232
Test generato: 233
Test generato: 234
Test generato: 235
Test generato: 236
Test generato: 237
Test generato: 238
Test generato: 239
Test generato: 240
Test generato: 241
Test generato: 242
Test generato: 243
Test generato: 244
Test generato: 245
Test generato: 246
Test generato: 247
Test generato: 248
Test generato: 249
Test generato: 250
Test generato: 251
Test generato: 252
Test generato: 253
Test generato: 254
Test generato: 255
Test generato: 256
Test generato: 257
Test generato: 258
Test generato: 259
Test generato: 260
Test generato: 261
Test generato: 262
Test generato: 263
Test generato: 264
Test generato: 265
Test generato: 266
Test generato: 267
Test generato: 268
Test generato: 269
Test generato: 270
Test generato: 271
Test generato: 272
Test generato: 273
Test generato: 274
Test generato: 275
Test generato: 276
Test generato: 277
Test generato: 278
Test generato: 279
Test generato: 280
Test generato: 281
Test generato: 282
Test generato: 283
Test generato: 284
Test generato: 285
Test generato: 286
Test generato: 287
Test generato: 288
Test generato: 289
Test generato: 290
Test generato: 291
Test generato: 292
Test generato: 293
Test generato: 294
Test generato: 295
Test generato: 296
Test generato: 297
Test generato: 298
Test generato: 299
Test generato: 300
Test generato: 301
Test generato: 302
Test generato: 303
Test generato: 304
Test generato: 305
Test generato: 306
Test generato: 307
Test generato: 308
Test generato: 309
Test generato: 310
Test generato: 311
Test generato: 312
Test generato: 313
Test generato: 314
Test generato: 315
Test generato: 316
Test generato: 317
Test generato: 318
Test generato: 319
Test generato: 320
Test generato: 321
Test generato: 322
Test generato: 323
Test generato: 324
Test generato: 325
Test generato: 326
Test generato: 327
Test generato: 328
Test generato: 329
Test generato: 330
Test generato: 331
Test generato: 332
Test generato: 333
Test generato: 334
Test generato: 335
Test generato: 336
Test generato: 337
Test generato: 338
Test generato: 339
Test generato: 340
Test generato: 341
Test generato: 342
Test generato: 343
Test generato: 344
Test generato: 345
Test generato: 346
Test generato: 347
Test generato: 348
Test generato: 349
Test generato: 350
Test generato: 351
Test generato: 352
Test generato: 353
Test generato: 354
Test generato: 355
Test generato: 356
Test generato: 357
Test generato: 358
Test generato: 359
Test generato: 360
Test generato: 361
Test generato: 362
Test generato: 363
Test generato: 364
Test generato: 365
Test generato: 366
Test generato: 367
Test generato: 368
Test generato: 369
Test generato: 370
Test generato: 371
Test generato: 372
Test generato: 373
Test generato: 374
Test generato: 375
Test generato: 376
Test generato: 377
Test generato: 378
Test generato: 379
Test generato: 380
Test generato: 381
Test generato: 382
Test generato: 383
Test generato: 384
Test generato: 385
Test generato: 386
Test generato: 387
Test generato: 388
Test generato: 389
Test generato: 390
Test generato: 391
Test generato: 392
Test generato: 393
Test generato: 394
Test generato: 395
Test generato: 396
Test generato: 397
Test generato: 398
Test generato: 399
Test generato: 400
Test generato: 401
Test generato: 402
Test generato: 403
Test generato: 404
Test generato: 405
Test generato: 406
Test generato: 407
Test generato: 408
Test generato: 409
Test generato: 410
Test generato: 411
Test generato: 412
Test generato: 413
Test generato: 414
Test generato: 415
Test generato: 416
Test generato: 417
Test generato: 418
Test generato: 419
Test generato: 420
Test generato: 421
Test generato: 422
Test generato: 423
Test generato: 424
Test generato: 425
Test generato: 426
Test generato: 427
Test generato: 428
Test generato: 429
Test generato: 430
Test generato: 431
Test generato: 432
Test generato: 433
Test generato: 434
Test generato: 435
Test generato: 436
Test generato: 437
Test generato: 438
Test generato: 439
Test generato: 440
Test generato: 441
Test generato: 442
Test generato: 443
Test generato: 444
Test generato: 445
Test generato: 446
Test generato: 447
Test generato: 448
Test generato: 449
Test generato: 450
Test generato: 451
Test generato: 452
Test generato: 453
Test generato: 454
Test generato: 455
Test generato: 456
Test generato: 457
Test generato: 458
Test generato: 459
Test generato: 460
Test generato: 461
Test generato: 462
Test generato: 463
Test generato: 464
Test generato: 465
Test generato: 466
Test generato: 467
Test generato: 468
Test generato: 469
Test generato: 470
Test generato: 471
Test generato: 472
Test generato: 473
Test generato: 474
Test generato: 475
Test generato: 476
Test generato: 477
Test generato: 478
Test generato: 479
Test generato: 480
Test generato: 481
Test generato: 482
Test generato: 483
Test generato: 484
Test generato: 485
Test generato: 486
Test generato: 487
Test generato: 488
Test generato: 489
Test generato: 490
Test generato: 491
Test generato: 492
Test generato: 493
Test generato: 494
Test generato: 495
Test generato: 496
Test generato: 497
Test generato: 498
Test generato: 499
Test generato: 500
Test generato: 501
Test generato: 502
Test generato: 503
Test generato: 504
Test generato: 505
Test generato: 506
Test generato: 507
Test generato: 508
Test generato: 509
Test generato: 510
Test generato: 511
Test generato: 512
Test generato: 513
Test generato: 514
Test generato: 515
Test generato: 516
Test generato: 517
Test generato: 518
Test generato: 519
Test generato: 520
Test generato: 521
Test generato: 522
Test generato: 523
Test generato: 524
Test generato: 525
Test generato: 526
Test generato: 527
Test generato: 528
Test generato: 529
Test generato: 530
Test generato: 531
Test generato: 532
Test generato: 533
Test generato: 534
Test generato: 535
Test generato: 536
Test generato: 537
Test generato: 538
Test generato: 539
Test generato: 540
Test generato: 541
Test generato: 542
Test generato: 543
Test generato: 544
Test generato: 545
Test generato: 546
Test generato: 547
Test generato: 548
Test generato: 549
Test generato: 550
Test generato: 551
Test generato: 552
Test generato: 553
Test generato: 554
Test generato: 555
Test generato: 556
Test generato: 557
Test generato: 558
Test generato: 559
Test generato: 560
Test generato: 561
Test generato: 562
Test generato: 563
Test generato: 564
Test generato: 565
Test generato: 566
Test generato: 567
Test generato: 568
Test generato: 569
Test generato: 570
Test generato: 571
Test generato: 572
Test generato: 573
Test generato: 574
Test generato: 575
Test generato: 576
Test generato: 577
Test generato: 578
Test generato: 579
Test generato: 580
Test generato: 581
Test generato: 582
Test generato: 583
Test generato: 584
Test generato: 585
Test generato: 586
Test generato: 587
Test generato: 588
Test generato: 589
Test generato: 590
Test generato: 591
Test generato: 592
Test generato: 593
Test generato: 594
Test generato: 595
Test generato: 596
Test generato: 597
Test generato: 598
Test generato: 599
Test generato: 600
Test generato: 601
Test generato: 602
Test generato: 603
Test generato: 604
Test generato: 605
Test generato: 606
Test generato: 607
Test generato: 608
Test generato: 609
Test generato: 610
Test generato: 611
Test generato: 612
Test generato: 613
Test generato: 614
Test generato: 615
Test generato: 616
Test generato: 617
Test generato: 618
Test generato: 619
Test generato: 620
Test generato: 621
Test generato: 622
Test generato: 623
Test generato: 624
Test generato: 625
Test generato: 626
Test generato: 627
Test generato: 628
Test generato: 629
Test generato: 630
Test generato: 631
Test generato: 632
Test generato: 633
Test generato: 634
Test generato: 635
Test generato: 636
Test generato: 637
Test generato: 638
Test generato: 639
Test generato: 640
Test generato: 641
Test generato: 642
Test generato: 643
Test generato: 644
Test generato: 645
Test generato: 646
Test generato: 647
Test generato: 648
Test generato: 649
Test generato: 650
Test generato: 651
Test generato: 652
Test generato: 653
Test generato: 654
Test generato: 655
Test generato: 656
Test generato: 657
Test generato: 658
Test generato: 659
Test generato: 660
Test generato: 661
Test generato: 662
Test generato: 663
Test generato: 664
Test generato: 665
Test generato: 666
Test generato: 667
Test generato: 668
Test generato: 669
Test generato: 670
Test generato: 671
Test generato: 672
Test generato: 673
Test generato: 674
Test generato: 675
Test generato: 676
Test generato: 677
Test generato: 678
Test generato: 679
Test generato: 680
Test generato: 681
Test generato: 682
Test generato: 683
Test generato: 684
Test generato: 685
Test generato: 686
Test generato: 687
Test generato: 688
Test generato: 689
Test generato: 690
Test generato: 691
Test generato: 692
Test generato: 693
Test generato: 694
Test generato: 695
Test generato: 696
Test generato: 697
Test generato: 698
Test generato: 699
Test generato: 700
Test generato: 701
Test generato: 702
Test generato: 703
Test generato: 704
Test generato: 705
Test generato: 706
Test generato: 707
Test generato: 708
Test generato: 709
Test generato: 710
Test generato: 711
Test generato: 712
Test generato: 713
Test generato: 714
Test generato: 715
Test generato: 716
Test generato: 717
Test generato: 718
Test generato: 719
Test generato: 720
Test generato: 721
Test generato: 722
Test generato: 723
Test generato: 724
Test generato: 725
Test generato: 726
Test generato: 727
Test generato: 728
Test generato: 729
Test generato: 730
Test generato: 731
Test generato: 732
Test generato: 733
Test generato: 734
Test generato: 735
Test generato: 736
Test generato: 737
Test generato: 738
Test generato: 739
Test generato: 740
Test generato: 741
Test generato: 742
Test generato: 743
Test generato: 744
Test generato: 745
Test generato: 746
Test generato: 747
Test generato: 748
Test generato: 749
Test generato: 750
Test generato: 751
Test generato: 752
Test generato: 753
Test generato: 754
Test generato: 755
Test generato: 756
Test generato: 757
Test generato: 758
Test generato: 759
Test generato: 760
Test generato: 761
Test generato: 762
Test generato: 763
Test generato: 764
Test generato: 765
Test generato: 766
Test generato: 767
Test generato: 768
Test generato: 769
Test generato: 770
Test generato: 771
Test generato: 772
Test generato: 773
Test generato: 774
Test generato: 775
Test generato: 776
Test generato: 777
Test generato: 778
Test generato: 779
Test generato: 780
Test generato: 781
Test generato: 782
Test generato: 783
Test generato: 784
Test generato: 785
Test generato: 786
Test generato: 787
Test generato: 788
Test generato: 789
Test generato: 790
Test generato: 791
Test generato: 792
Test generato: 793
Test generato: 794
Test generato: 795
Test generato: 796
Test generato: 797
Test generato: 798
Test generato: 799
Test generato: 800
Test generato: 801
Test generato: 802
Test generato: 803
Test generato: 804
Test generato: 805
Test generato: 806
Test generato: 807
Test generato: 808
Test generato: 809
Test generato: 810
Test generato: 811
Test generato: 812
Test generato: 813
Test generato: 814
Test generato: 815
Test generato: 816
Test generato: 817
Test generato: 818
Test generato: 819
Test generato: 820
Test generato: 821
Test generato: 822
Test generato: 823
Test generato: 824
Test generato: 825
Test generato: 826
Test generato: 827
Test generato: 828
Test generato: 829
Test generato: 830
Test generato: 831
Test generato: 832
Test generato: 833
Test generato: 834
Test generato: 835
Test generato: 836
Test generato: 837
Test generato: 838
Test generato: 839
Test generato: 840
Test generato: 841
Test generato: 842
Test generato: 843
Test generato: 844
Test generato: 845
Test generato: 846
Test generato: 847
Test generato: 848
Test generato: 849
Test generato: 850
Test generato: 851
Test generato: 852
Test generato: 853
Test generato: 854
Test generato: 855
Test generato: 856
Test generato: 857
Test generato: 858
Test generato: 859
Test generato: 860
Test generato: 861
Test generato: 862
Test generato: 863
Test generato: 864
Test generato: 865
Test generato: 866
Test generato: 867
Test generato: 868
Test generato: 869
Test generato: 870
Test generato: 871
Test generato: 872
Test generato: 873
Test generato: 874
Test generato: 875
Test generato: 876
Test generato: 877
Test generato: 878
Test generato: 879
Test generato: 880
Test generato: 881
Test generato: 882
Test generato: 883
Test generato: 884
Test generato: 885
Test generato: 886
Test generato: 887
Test generato: 888
Test generato: 889
Test generato: 890
Test generato: 891
Test generato: 892
Test generato: 893
Test generato: 894
Test generato: 895
Test generato: 896
Test generato: 897
Test generato: 898
Test generato: 899
Test generato: 900
Test generato: 901
Test generato: 902
Test generato: 903
Test generato: 904
Test generato: 905
Test generato: 906
Test generato: 907
Test generato: 908
Test generato: 909
Test generato: 910
Test generato: 911
Test generato: 912
Test generato: 913
Test generato: 914
Test generato: 915
Test generato: 916
Test generato: 917
Test generato: 918
Test generato: 919
Test generato: 920
Test generato: 921
Test generato: 922
Test generato: 923
Test generato: 924
Test generato: 925
Test generato: 926
Test generato: 927
Test generato: 928
Test generato: 929
Test generato: 930
Test generato: 931
Test generato: 932
Test generato: 933
Test generato: 934
Test generato: 935
Test generato: 936
Test generato: 937
Test generato: 938
Test generato: 939
Test generato: 940
Test generato: 941
Test generato: 942
Test generato: 943
Test generato: 944
Test generato: 945
Test generato: 946
Test generato: 947
Test generato: 948
Test generato: 949
Test generato: 950
Test generato: 951
Test generato: 952
Test generato: 953
Test generato: 954
Test generato: 955
Test generato: 956
Test generato: 957
Test generato: 958
Test generato: 959
Test generato: 960
Test generato: 961
Test generato: 962
Test generato: 963
Test generato: 964
Test generato: 965
Test generato: 966
Test generato: 967
Test generato: 968
Test generato: 969
Test generato: 970
Test generato: 971
Test generato: 972
Test generato: 973
Test generato: 974
Test generato: 975
Test generato: 976
Test generato: 977
Test generato: 978
Test generato: 979
Test generato: 980
Test generato: 981
Test generato: 982
Test generato: 983
Test generato: 984
Test generato: 985
Test generato: 986
Test generato: 987
Test generato: 988
Test generato: 989
Test generato: 990
Test generato: 991
Test generato: 992
Test generato: 993
Test generato: 994
Test generato: 995
Test generato: 996
Test generato: 997
Test generato: 998
Test generato: 999
Test generato: 1000
Test generato: 1001
Test generato: 1002
Test generato: 1003
Test generato: 1004
Test generato: 1005
Test generato: 1006
Test generato: 1007
Test generato: 1008
Test generato: 1009
Test generato: 1010
Test generato: 1011
Test generato: 1012
Test generato: 1013
Test generato: 1014
Test generato: 1015
Test generato: 1016
Test generato: 1017
Test generato: 1018
Test generato: 1019
Test generato: 1020
Test generato: 1021
Test generato: 1022
Test generato: 1023
Test generato: 1024
Test generato: 1025
Test generato: 1026
Test generato: 1027
Test generato: 1028
Test generato: 1029
Test generato: 1030
Test generato: 1031
Test generato: 1032
Test generato: 1033
Test generato: 1034
Test generato: 1035
Test generato: 1036
Test generato: 1037
Test generato: 1038
Test generato: 1039
Test generato: 1040
Test generato: 1041
Test generato: 1042
Test generato: 1043
Test generato: 1044
Test generato: 1045
Test generato: 1046
Test generato: 1047
Test generato: 1048
Test generato: 1049
Test generato: 1050
Test generato: 1051
Test generato: 1052
Test generato: 1053
Test generato: 1054
Test generato: 1055
Test generato: 1056
Test generato: 1057
Test generato: 1058
Test generato: 1059
Test generato: 1060
Test generato: 1061
Test generato: 1062
Test generato: 1063
Test generato: 1064
Test generato: 1065
Test generato: 1066
Test generato: 1067
Test generato: 1068
Test generato: 1069
Test generato: 1070
Test generato: 1071
Test generato: 1072
Test generato: 1073
Test generato: 1074
Test generato: 1075
Test generato: 1076
Test generato: 1077
Test generato: 1078
Test generato: 1079
Test generato: 1080
Test generato: 1081
Test generato: 1082
Test generato: 1083
Test generato: 1084
Test generato: 1085
Test generato: 1086
Test generato: 1087
Test generato: 1088
Test generato: 1089
Test generato: 1090
Test generato: 1091
Test generato: 1092
Test generato: 1093
Test generato: 1094
Test generato: 1095
Test generato: 1096
Test generato: 1097
Test generato: 1098
Test generato: 1099
Test generato: 1100
Test generato: 1101
Test generato: 1102
Test generato: 1103
Test generato: 1104
Test generato: 1105
Test generato: 1106
Test generato: 1107
Test generato: 1108
Test generato: 1109
Test generato: 1110
Test generato: 1111
Test generato: 1112
Test generato: 1113
Test generato: 1114
Test generato: 1115
Test generato: 1116
Test generato: 1117
Test generato: 1118
Test generato: 1119
Test generato: 1120
Test generato: 1121
Test generato: 1122
Test generato: 1123
Test generato: 1124
Test generato: 1125
Test generato: 1126
Test generato: 1127
Test generato: 1128
Test generato: 1129
Test generato: 1130
Test generato: 1131
Test generato: 1132
Test generato: 1133
Test generato: 1134
Test generato: 1135
Test generato: 1136
Test generato: 1137
Test generato: 1138
Test generato: 1139
Test generato: 1140
Test generato: 1141
Test generato: 1142
Test generato: 1143
Test generato: 1144
Test generato: 1145
Test generato: 1146
Test generato: 1147
Test generato: 1148
Test generato: 1149
Test generato: 1150
Test generato: 1151
Test generato: 1152
Test generato: 1153
Test generato: 1154
Test generato: 1155
Test generato: 1156
Test generato: 1157
Test generato: 1158
Test generato: 1159
Test generato: 1160
Test generato: 1161
Test generato: 1162
Test generato: 1163
Test generato: 1164
Test generato: 1165
Test generato: 1166
Test generato: 1167
Test generato: 1168
Test generato: 1169
Test generato: 1170
Test generato: 1171
Test generato: 1172
Test generato: 1173
Test generato: 1174
Test generato: 1175
Test generato: 1176
Test generato: 1177
Test generato: 1178
Test generato: 1179
Test generato: 1180
Test generato: 1181
Test generato: 1182
Test generato: 1183
Test generato: 1184
Test generato: 1185
Test generato: 1186
Test generato: 1187
Test generato: 1188
Test generato: 1189
Test generato: 1190
Test generato: 1191
Test generato: 1192
Test generato: 1193
Test generato: 1194
Test generato: 1195
Test generato: 1196
Test generato: 1197
Test generato: 1198
Test generato: 1199
Test generato: 1200
Test generato: 1201
Test generato: 1202
Test generato: 1203
Test generato: 1204
Test generato: 1205
Test generato: 1206
Test generato: 1207
Test generato: 1208
Test generato: 1209
Test generato: 1210
Test generato: 1211
Test generato: 1212
Test generato: 1213
Test generato: 1214
Test generato: 1215
Test generato: 1216
Test generato: 1217
Test generato: 1218
Test generato: 1219
Test generato: 1220
Test generato: 1221
Test generato: 1222
Test generato: 1223
Test generato: 1224
Test generato: 1225
Test generato: 1226
Test generato: 1227
Test generato: 1228
Test generato: 1229
Test generato: 1230
Test generato: 1231
Test generato: 1232
Test generato: 1233
Test generato: 1234
Test generato: 1235
Test generato: 1236
Test generato: 1237
Test generato: 1238
Test generato: 1239
Test generato: 1240
Test generato: 1241
Test generato: 1242
Test generato: 1243
Test generato: 1244
Test generato: 1245
Test generato: 1246
Test generato: 1247
Test generato: 1248
Test generato: 1249
Test generato: 1250
Test generato: 1251
Test generato: 1252
Test generato: 1253
Test generato: 1254
Test generato: 1255
Test generato: 1256
Test generato: 1257
Test generato: 1258
Test generato: 1259
Test generato: 1260
Test generato: 1261
Test generato: 1262
Test generato: 1263
Test generato: 1264
Test generato: 1265
Test generato: 1266
Test generato: 1267
Test generato: 1268
Test generato: 1269
Test generato: 1270
Test generato: 1271
Test generato: 1272
Test generato: 1273
Test generato: 1274
Test generato: 1275
Test generato: 1276
Test generato: 1277
Test generato: 1278
Test generato: 1279
Test generato: 1280
Test generato: 1281
Test generato: 1282
Test generato: 1283
Test generato: 1284
Test generato: 1285
Test generato: 1286
Test generato: 1287
Test generato: 1288
Test generato: 1289
Test generato: 1290
Test generato: 1291
Test generato: 1292
Test generato: 1293
Test generato: 1294
Test generato: 1295
Test generato: 1296
Test generato: 1297
Test generato: 1298
Test generato: 1299
Test generato: 1300
Test generato: 1301
Test generato: 1302
Test generato: 1303
Test generato: 1304
Test generato: 1305
Test generato: 1306
Test generato: 1307
Test generato: 1308
Test generato: 1309
Test generato: 1310
Test generato: 1311
Test generato: 1312
Test generato: 1313
Test generato: 1314
Test generato: 1315
Test generato: 1316
Test generato: 1317
Test generato: 1318
Test generato: 1319
Test generato: 1320
Test generato: 1321
Test generato: 1322
Test generato: 1323
Test generato: 1324
Test generato: 1325
Test generato: 1326
Test generato: 1327
Test generato: 1328
Test generato: 1329
Test generato: 1330
Test generato: 1331
Test generato: 1332
Test generato: 1333
Test generato: 1334
Test generato: 1335
Test generato: 1336
Test generato: 1337
Test generato: 1338
Test generato: 1339
Test generato: 1340
Test generato: 1341
Test generato: 1342
Test generato: 1343
Test generato: 1344
Test generato: 1345
Test generato: 1346
Test generato: 1347
Test generato: 1348
Test generato: 1349
Test generato: 1350
Test generato: 1351
Test generato: 1352
Test generato: 1353
Test generato: 1354
Test generato: 1355
Test generato: 1356
Test generato: 1357
Test generato: 1358
Test generato: 1359
Test generato: 1360
Test generato: 1361
Test generato: 1362
Test generato: 1363
Test generato: 1364
Test generato: 1365
Test generato: 1366
Test generato: 1367
Test generato: 1368
Test generato: 1369
Test generato: 1370
Test generato: 1371
Test generato: 1372
Test generato: 1373
Test generato: 1374
Test generato: 1375
Test generato: 1376
Test generato: 1377
Test generato: 1378
Test generato: 1379
Test generato: 1380
Test generato: 1381
Test generato: 1382
Test generato: 1383
Test generato: 1384
Test generato: 1385
Test generato: 1386
Test generato: 1387
Test generato: 1388
Test generato: 1389
Test generato: 1390
Test generato: 1391
Test generato: 1392
Test generato: 1393
Test generato: 1394
Test generato: 1395
Test generato: 1396
Test generato: 1397
Test generato: 1398
Test generato: 1399
Test generato: 1400
Test generato: 1401
Test generato: 1402
Test generato: 1403
Test generato: 1404
Test generato: 1405
Test generato: 1406
Test generato: 1407
Test generato: 1408
Test generato: 1409
Test generato: 1410
Test generato: 1411
Test generato: 1412
Test generato: 1413
Test generato: 1414
Test generato: 1415
Test generato: 1416
Test generato: 1417
Test generato: 1418
Test generato: 1419
Test generato: 1420
Test generato: 1421
Test generato: 1422
Test generato: 1423
Test generato: 1424
Test generato: 1425
Test generato: 1426
Test generato: 1427
Test generato: 1428
Test generato: 1429
Test generato: 1430
Test generato: 1431
Test generato: 1432
Test generato: 1433
Test generato: 1434
Test generato: 1435
Test generato: 1436
Test generato: 1437
Test generato: 1438
Test generato: 1439
Test generato: 1440
Test generato: 1441
Test generato: 1442
Test generato: 1443
Test generato: 1444
Test generato: 1445
Test generato: 1446
Test generato: 1447
Test generato: 1448
Test generato: 1449
Test generato: 1450
Test generato: 1451
Test generato: 1452
Test generato: 1453
Test generato: 1454
Test generato: 1455
Test generato: 1456
Test generato: 1457
Test generato: 1458
Test generato: 1459
Test generato: 1460
Test generato: 1461
Test generato: 1462
Test generato: 1463
Test generato: 1464
Test generato: 1465
Test generato: 1466
Test generato: 1467
Test generato: 1468
Test generato: 1469
Test generato: 1470
Test generato: 1471
Test generato: 1472
Test generato: 1473
Test generato: 1474
Test generato: 1475
Test generato: 1476
Test generato: 1477
Test generato: 1478
Test generato: 1479
Test generato: 1480
Test generato: 1481
Test generato: 1482
Test generato: 1483
Test generato: 1484
Test generato: 1485
Test generato: 1486
Test generato: 1487
Test generato: 1488
Test generato: 1489
Test generato: 1490
Test generato: 1491
Test generato: 1492
Test generato: 1493
Test generato: 1494
Test generato: 1495
Test generato: 1496
Test generato: 1497
Test generato: 1498
Test generato: 1499
Test generato: 1500
Test generato: 1501
Test generato: 1502
Test generato: 1503
Test generato: 1504
Test generato: 1505
Test generato: 1506
Test generato: 1507
Test generato: 1508
Test generato: 1509
Test generato: 1510
Test generato: 1511
Test generato: 1512
Test generato: 1513
Test generato: 1514
Test generato: 1515
Test generato: 1516
Test generato: 1517
Test generato: 1518
Test generato: 1519
Test generato: 1520
Test generato: 1521
Test generato: 1522
Test generato: 1523
Test generato: 1524
Test generato: 1525
Test generato: 1526
Test generato: 1527
Test generato: 1528
Test generato: 1529
Test generato: 1530
Test generato: 1531
Test generato: 1532
Test generato: 1533
Test generato: 1534
Test generato: 1535
Test generato: 1536
Test generato: 1537
Test generato: 1538
Test generato: 1539
Test generato: 1540
Test generato: 1541
Test generato: 1542
Test generato: 1543
Test generato: 1544
Test generato: 1545
Test generato: 1546
Test generato: 1547
Test generato: 1548
Test generato: 1549
Test generato: 1550
Test generato: 1551
Test generato: 1552
Test generato: 1553
Test generato: 1554
Test generato: 1555
Test generato: 1556
Test generato: 1557
Test generato: 1558
Test generato: 1559
Test generato: 1560
Test generato: 1561
Test generato: 1562
Test generato: 1563
Test generato: 1564
Test generato: 1565
Test generato: 1566
Test generato: 1567
Test generato: 1568
Test generato: 1569
Test generato: 1570
Test generato: 1571
Test generato: 1572
Test generato: 1573
Test generato: 1574
Test generato: 1575
Test generato: 1576
Test generato: 1577
Test generato: 1578
Test generato: 1579
Test generato: 1580
Test generato: 1581
Test generato: 1582
Test generato: 1583
Test generato: 1584
Test generato: 1585
Test generato: 1586
Test generato: 1587
Test generato: 1588
Test generato: 1589
Test generato: 1590
Test generato: 1591
Test generato: 1592
Test generato: 1593
Test generato: 1594
Test generato: 1595
Test generato: 1596
Test generato: 1597
Test generato: 1598
Test generato: 1599
Test generato: 1600
Test generato: 1601
Test generato: 1602
Test generato: 1603
Test generato: 1604
Test generato: 1605
Test generato: 1606
Test generato: 1607
Test generato: 1608
Test generato: 1609
Test generato: 1610
Test generato: 1611
Test generato: 1612
Test generato: 1613
Test generato: 1614
Test generato: 1615
Test generato: 1616
Test generato: 1617
Test generato: 1618
Test generato: 1619
Test generato: 1620
Test generato: 1621
Test generato: 1622
Test generato: 1623
Test generato: 1624
Test generato: 1625
Test generato: 1626
Test generato: 1627
Test generato: 1628
Test generato: 1629
Test generato: 1630
Test generato: 1631
Test generato: 1632
Test generato: 1633
Test generato: 1634
Test generato: 1635
Test generato: 1636
Test generato: 1637
Test generato: 1638
Test generato: 1639
Test generato: 1640
Test generato: 1641
Test generato: 1642
Test generato: 1643
Test generato: 1644
Test generato: 1645
Test generato: 1646
Test generato: 1647
Test generato: 1648
Test generato: 1649
Test generato: 1650
Test generato: 1651
Test generato: 1652
Test generato: 1653
Test generato: 1654
Test generato: 1655
Test generato: 1656
Test generato: 1657
Test generato: 1658
Test generato: 1659
Test generato: 1660
Test generato: 1661
Test generato: 1662
Test generato: 1663
Test generato: 1664
Test generato: 1665
Test generato: 1666
Test generato: 1667
Test generato: 1668
Test generato: 1669
Test generato: 1670
Test generato: 1671
Test generato: 1672
Test generato: 1673
Test generato: 1674
Test generato: 1675
Test generato: 1676
Test generato: 1677
Test generato: 1678
Test generato: 1679
Test generato: 1680
Test generato: 1681
Test generato: 1682
Test generato: 1683
Test generato: 1684
Test generato: 1685
Test generato: 1686
Test generato: 1687
Test generato: 1688
Test generato: 1689
Test generato: 1690
Test generato: 1691
Test generato: 1692
Test generato: 1693
Test generato: 1694
Test generato: 1695
Test generato: 1696
Test generato: 1697
Test generato: 1698
Test generato: 1699
Test generato: 1700
Test generato: 1701
Test generato: 1702
Test generato: 1703
Test generato: 1704
Test generato: 1705
Test generato: 1706
Test generato: 1707
Test generato: 1708
Test generato: 1709
Test generato: 1710
Test generato: 1711
Test generato: 1712
Test generato: 1713
Test generato: 1714
Test generato: 1715
Test generato: 1716
Test generato: 1717
Test generato: 1718
Test generato: 1719
Test generato: 1720
Test generato: 1721
Test generato: 1722
Test generato: 1723
Test generato: 1724
Test generato: 1725
Test generato: 1726
Test generato: 1727
Test generato: 1728
Test generato: 1729
Test generato: 1730
Test generato: 1731
Test generato: 1732
Test generato: 1733
Test generato: 1734
Test generato: 1735
Test generato: 1736
Test generato: 1737
Test generato: 1738
Test generato: 1739
Test generato: 1740
Test generato: 1741
Test generato: 1742
Test generato: 1743
Test generato: 1744
Test generato: 1745
Test generato: 1746
Test generato: 1747
Test generato: 1748
Test generato: 1749
Test generato: 1750
Test generato: 1751
Test generato: 1752
Test generato: 1753
Test generato: 1754
Test generato: 1755
Test generato: 1756
Test generato: 1757
Test generato: 1758
Test generato: 1759
Test generato: 1760
Test generato: 1761
Test generato: 1762
Test generato: 1763
Test generato: 1764
Test generato: 1765
Test generato: 1766
Test generato: 1767
Test generato: 1768
Test generato: 1769
Test generato: 1770
Test generato: 1771
Test generato: 1772
Test generato: 1773
Test generato: 1774
Test generato: 1775
Test generato: 1776
Test generato: 1777
Test generato: 1778
Test generato: 1779
Test generato: 1780
Test generato: 1781
Test generato: 1782
Test generato: 1783
Test generato: 1784
Test generato: 1785
Test generato: 1786
Test generato: 1787
Test generato: 1788
Test generato: 1789
Test generato: 1790
Test generato: 1791
Test generato: 1792
Test generato: 1793
Test generato: 1794
Test generato: 1795
Test generato: 1796
Test generato: 1797
Test generato: 1798
Test generato: 1799
Test generato: 1800
Test generato: 1801
Test generato: 1802
Test generato: 1803
Test generato: 1804
Test generato: 1805
Test generato: 1806
Test generato: 1807
Test generato: 1808
Test generato: 1809
Test generato: 1810
Test generato: 1811
Test generato: 1812
Test generato: 1813
Test generato: 1814
Test generato: 1815
Test generato: 1816
Test generato: 1817
Test generato: 1818
Test generato: 1819
Test generato: 1820
Test generato: 1821
Test generato: 1822
Test generato: 1823
Test generato: 1824
Test generato: 1825
Test generato: 1826
Test generato: 1827
Test generato: 1828
Test generato: 1829
Test generato: 1830
Test generato: 1831
Test generato: 1832
Test generato: 1833
Test generato: 1834
Test generato: 1835
Test generato: 1836
Test generato: 1837
Test generato: 1838
Test generato: 1839
Test generato: 1840
Test generato: 1841
Test generato: 1842
Test generato: 1843
Test generato: 1844
Test generato: 1845
Test generato: 1846
Test generato: 1847
Test generato: 1848
Test generato: 1849
Test generato: 1850
Test generato: 1851
Test generato: 1852
Test generato: 1853
Test generato: 1854
Test generato: 1855
Test generato: 1856
Test generato: 1857
Test generato: 1858
Test generato: 1859
Test generato: 1860
Test generato: 1861
Test generato: 1862
Test generato: 1863
Test generato: 1864
Test generato: 1865
Test generato: 1866
Test generato: 1867
Test generato: 1868
Test generato: 1869
Test generato: 1870
Test generato: 1871
Test generato: 1872
Test generato: 1873
Test generato: 1874
Test generato: 1875
Test generato: 1876
Test generato: 1877
Test generato: 1878
Test generato: 1879
Test generato: 1880
Test generato: 1881
Test generato: 1882
Test generato: 1883
Test generato: 1884
Test generato: 1885
Test generato: 1886
Test generato: 1887
Test generato: 1888
Test generato: 1889
Test generato: 1890
Test generato: 1891
Test generato: 1892
Test generato: 1893
Test generato: 1894
Test generato: 1895
Test generato: 1896
Test generato: 1897
Test generato: 1898
Test generato: 1899
Test generato: 1900
Test generato: 1901
Test generato: 1902
Test generato: 1903
Test generato: 1904
Test generato: 1905
Test generato: 1906
Test generato: 1907
Test generato: 1908
Test generato: 1909
Test generato: 1910
Test generato: 1911
Test generato: 1912
Test generato: 1913
Test generato: 1914
Test generato: 1915
Test generato: 1916
Test generato: 1917
Test generato: 1918
Test generato: 1919
Test generato: 1920
Test generato: 1921
Test generato: 1922
Test generato: 1923
Test generato: 1924
Test generato: 1925
Test generato: 1926
Test generato: 1927
Test generato: 1928
Test generato: 1929
Test generato: 1930
Test generato: 1931
Test generato: 1932
Test generato: 1933
Test generato: 1934
Test generato: 1935
Test generato: 1936
Test generato: 1937
Test generato: 1938
Test generato: 1939
Test generato: 1940
Test generato: 1941
Test generato: 1942
Test generato: 1943
Test generato: 1944
Test generato: 1945
Test generato: 1946
Test generato: 1947
Test generato: 1948
Test generato: 1949
Test generato: 1950
Test generato: 1951
Test generato: 1952
Test generato: 1953
Test generato: 1954
Test generato: 1955
Test generato: 1956
Test generato: 1957
Test generato: 1958
Test generato: 1959
Test generato: 1960
Test generato: 1961
Test generato: 1962
Test generato: 1963
Test generato: 1964
Test generato: 1965
Test generato: 1966
Test generato: 1967
Test generato: 1968
Test generato: 1969
Test generato: 1970
Test generato: 1971
Test generato: 1972
Test generato: 1973
Test generato: 1974
Test generato: 1975
Test generato: 1976
Test generato: 1977
Test generato: 1978
Test generato: 1979
Test generato: 1980
Test generato: 1981
Test generato: 1982
Test generato: 1983
Test generato: 1984
Test generato: 1985
Test generato: 1986
Test generato: 1987
Test generato: 1988
Test generato: 1989
Test generato: 1990
Test generato: 1991
Test generato: 1992
Test generato: 1993
Test generato: 1994
Test generato: 1995
Test generato: 1996
Test generato: 1997
Test generato: 1998
Test generato: 1999
Test generato: 2000
Test generato: 2001
Test generato: 2002
Test generato: 2003
Test generato: 2004
Test generato: 2005
Test generato: 2006
Test generato: 2007
Test generato: 2008
Test generato: 2009
Test generato: 2010
Test generato: 2011
Test generato: 2012
Test generato: 2013
Test generato: 2014
Test generato: 2015
Test generato: 2016
Test generato: 2017
Test generato: 2018
Test generato: 2019
Test generato: 2020
Test generato: 2021
Test generato: 2022
Test generato: 2023
Test generato: 2024
Test generato: 2025
Test generato: 2026
Test generato: 2027
Test generato: 2028
Test generato: 2029
Test generato: 2030
Test generato: 2031
Test generato: 2032
Test generato: 2033
Test generato: 2034
Test generato: 2035
Test generato: 2036
Test generato: 2037
Test generato: 2038
Test generato: 2039
Test generato: 2040
Test generato: 2041
Test generato: 2042
Test generato: 2043
Test generato: 2044
Test generato: 2045
Test generato: 2046
Test generato: 2047
Test generato: 2048
Test generato: 2049
Test generato: 2050
Test generato: 2051
Test generato: 2052
Test generato: 2053
Test generato: 2054
Test generato: 2055
Test generato: 2056
Test generato: 2057
Test generato: 2058
Test generato: 2059
Test generato: 2060
Test generato: 2061
Test generato: 2062
Test generato: 2063
Test generato: 2064
Test generato: 2065
Test generato: 2066
Test generato: 2067
Test generato: 2068
Test generato: 2069
Test generato: 2070
Test generato: 2071
Test generato: 2072
Test generato: 2073
Test generato: 2074
Test generato: 2075
Test generato: 2076
Test generato: 2077
Test generato: 2078
Test generato: 2079
Test generato: 2080
Test generato: 2081
Test generato: 2082
Test generato: 2083
Test generato: 2084
Test generato: 2085
Test generato: 2086
Test generato: 2087
Test generato: 2088
Test generato: 2089
Test generato: 2090
Test generato: 2091
Test generato: 2092
Test generato: 2093
Test generato: 2094
Test generato: 2095
Test generato: 2096
Test generato: 2097
Test generato: 2098
Test generato: 2099
Test generato: 2100
Test generato: 2101
Test generato: 2102
Test generato: 2103
Test generato: 2104
Test generato: 2105
Test generato: 2106
Test generato: 2107
Test generato: 2108
Test generato: 2109
Test generato: 2110
Test generato: 2111
Test generato: 2112
Test generato: 2113
Test generato: 2114
Test generato: 2115
Test generato: 2116
Test generato: 2117
Test generato: 2118
Test generato: 2119
Test generato: 2120
Test generato: 2121
Test generato: 2122
Test generato: 2123
Test generato: 2124
Test generato: 2125
Test generato: 2126
Test generato: 2127
Test generato: 2128
Test generato: 2129
Test generato: 2130
Test generato: 2131
Test generato: 2132
Test generato: 2133
Test generato: 2134
Test generato: 2135
Test generato: 2136
Test generato: 2137
Test generato: 2138
Test generato: 2139
Test generato: 2140
Test generato: 2141
Test generato: 2142
Test generato: 2143
Test generato: 2144
Test generato: 2145
Test generato: 2146
Test generato: 2147
Test generato: 2148
Test generato: 2149
Test generato: 2150
Test generato: 2151
Test generato: 2152
Test generato: 2153
Test generato: 2154
Test generato: 2155
Test generato: 2156
Test generato: 2157
Test generato: 2158
Test generato: 2159
Test generato: 2160
Test generato: 2161
Test generato: 2162
Test generato: 2163
Test generato: 2164
Test generato: 2165
Test generato: 2166
Test generato: 2167
Test generato: 2168
Test generato: 2169
Test generato: 2170
Test generato: 2171
Test generato: 2172
Test generato: 2173
Test generato: 2174
Test generato: 2175
Test generato: 2176
Test generato: 2177
Test generato: 2178
Test generato: 2179
Test generato: 2180
Test generato: 2181
Test generato: 2182
Test generato: 2183
Test generato: 2184
Test generato: 2185
Test generato: 2186
Test generato: 2187
Test generato: 2188
Test generato: 2189
Test generato: 2190
Test generato: 2191
Test generato: 2192
Test generato: 2193
Test generato: 2194
Test generato: 2195
Test generato: 2196
Test generato: 2197
Test generato: 2198
Test generato: 2199
Test generato: 2200
Test generato: 2201
Test generato: 2202
Test generato: 2203
Test generato: 2204
Test generato: 2205
Test generato: 2206
Test generato: 2207
Test generato: 2208
Test generato: 2209
Test generato: 2210
Test generato: 2211
Test generato: 2212
Test generato: 2213
Test generato: 2214
Test generato: 2215
Test generato: 2216
Test generato: 2217
Test generato: 2218
Test generato: 2219
Test generato: 2220
Test generato: 2221
Test generato: 2222
Test generato: 2223
Test generato: 2224
Test generato: 2225
Test generato: 2226
Test generato: 2227
Test generato: 2228
Test generato: 2229
Test generato: 2230
Test generato: 2231
Test generato: 2232
Test generato: 2233
Test generato: 2234
Test generato: 2235
Test generato: 2236
Test generato: 2237
Test generato: 2238
Test generato: 2239
Test generato: 2240
Test generato: 2241
Test generato: 2242
Test generato: 2243
Test generato: 2244
Test generato: 2245
Test generato: 2246
Test generato: 2247
Test generato: 2248
Test generato: 2249
Test generato: 2250
Test generato: 2251
Test generato: 2252
Test generato: 2253
Test generato: 2254
Test generato: 2255
Test generato: 2256
Test generato: 2257
Test generato: 2258
Test generato: 2259
Test generato: 2260
Test generato: 2261
Test generato: 2262
Test generato: 2263
Test generato: 2264
Test generato: 2265
Test generato: 2266
Test generato: 2267
Test generato: 2268
Test generato: 2269
Test generato: 2270
Test generato: 2271
Test generato: 2272
Test generato: 2273
Test generato: 2274
Test generato: 2275
Test generato: 2276
Test generato: 2277
Test generato: 2278
Test generato: 2279
Test generato: 2280
Test generato: 2281
Test generato: 2282
Test generato: 2283
Test generato: 2284
Test generato: 2285
Test generato: 2286
Test generato: 2287
Test generato: 2288
Test generato: 2289
Test generato: 2290
Test generato: 2291
Test generato: 2292
Test generato: 2293
Test generato: 2294
Test generato: 2295
Test generato: 2296
Test generato: 2297
Test generato: 2298
Test generato: 2299
Test generato: 2300
Test generato: 2301
Test generato: 2302
Test generato: 2303
Test generato: 2304
Test generato: 2305
Test generato: 2306
Test generato: 2307
Test generato: 2308
Test generato: 2309
Test generato: 2310
Test generato: 2311
Test generato: 2312
Test generato: 2313
Test generato: 2314
Test generato: 2315
Test generato: 2316
Test generato: 2317
Test generato: 2318
Test generato: 2319
Test generato: 2320
Test generato: 2321
Test generato: 2322
Test generato: 2323
Test generato: 2324
Test generato: 2325
Test generato: 2326
Test generato: 2327
Test generato: 2328
Test generato: 2329
Test generato: 2330
Test generato: 2331
Test generato: 2332
Test generato: 2333
Test generato: 2334
Test generato: 2335
Test generato: 2336
Test generato: 2337
Test generato: 2338
Test generato: 2339
Test generato: 2340
Test generato: 2341
Test generato: 2342
Test generato: 2343
Test generato: 2344
Test generato: 2345
Test generato: 2346
Test generato: 2347
Test generato: 2348
Test generato: 2349
Test generato: 2350
Test generato: 2351
Test generato: 2352
Test generato: 2353
Test generato: 2354
Test generato: 2355
Test generato: 2356
Test generato: 2357
Test generato: 2358
Test generato: 2359
Test generato: 2360
Test generato: 2361
Test generato: 2362
Test generato: 2363
Test generato: 2364
Test generato: 2365
Test generato: 2366
Test generato: 2367
Test generato: 2368
Test generato: 2369
Test generato: 2370
Test generato: 2371
Test generato: 2372
Test generato: 2373
Test generato: 2374
Test generato: 2375
Test generato: 2376
Test generato: 2377
Test generato: 2378
Test generato: 2379
Test generato: 2380
Test generato: 2381
Test generato: 2382
Test generato: 2383
Test generato: 2384
Test generato: 2385
Test generato: 2386
Test generato: 2387
Test generato: 2388
Test generato: 2389
Test generato: 2390
Test generato: 2391
Test generato: 2392
Test generato: 2393
Test generato: 2394
Test generato: 2395
Test generato: 2396
Test generato: 2397
Test generato: 2398
Test generato: 2399
Test generato: 2400
Test generato: 2401
Test generato: 2402
Test generato: 2403
Test generato: 2404
Test generato: 2405
Test generato: 2406
Test generato: 2407
Test generato: 2408
Test generato: 2409
Test generato: 2410
Test generato: 2411
Test generato: 2412
Test generato: 2413
Test generato: 2414
Test generato: 2415
Test generato: 2416
Test generato: 2417
Test generato: 2418
Test generato: 2419
Test generato: 2420
Test generato: 2421
Test generato: 2422
Test generato: 2423
Test generato: 2424
Test generato: 2425
Test generato: 2426
Test generato: 2427
Test generato: 2428
Test generato: 2429
Test generato: 2430
Test generato: 2431
Test generato: 2432
Test generato: 2433
Test generato: 2434
Test generato: 2435
Test generato: 2436
Test generato: 2437
Test generato: 2438
Test generato: 2439
Test generato: 2440
Test generato: 2441
Test generato: 2442
Test generato: 2443
Test generato: 2444
Test generato: 2445
Test generato: 2446
Test generato: 2447
Test generato: 2448
Test generato: 2449
Test generato: 2450
Test generato: 2451
Test generato: 2452
Test generato: 2453
Test generato: 2454
Test generato: 2455
Test generato: 2456
Test generato: 2457
Test generato: 2458
Test generato: 2459
Test generato: 2460
Test generato: 2461
Test generato: 2462
Test generato: 2463
Test generato: 2464
Test generato: 2465
Test generato: 2466
Test generato: 2467
Test generato: 2468
Test generato: 2469
Test generato: 2470
Test generato: 2471
Test generato: 2472
Test generato: 2473
Test generato: 2474
Test generato: 2475
Test generato: 2476
Test generato: 2477
Test generato: 2478
Test generato: 2479
Test generato: 2480
Test generato: 2481
Test generato: 2482
Test generato: 2483
Test generato: 2484
Test generato: 2485
Test generato: 2486
Test generato: 2487
Test generato: 2488
Test generato: 2489
Test generato: 2490
Test generato: 2491
Test generato: 2492
Test generato: 2493
Test generato: 2494
Test generato: 2495
Test generato: 2496
Test generato: 2497
Test generato: 2498
Test generato: 2499
Test generato: 2500
Test generato: 2501
Test generato: 2502
Test generato: 2503
Test generato: 2504
Test generato: 2505
Test generato: 2506
Test generato: 2507
Test generato: 2508
Test generato: 2509
Test generato: 2510
Test generato: 2511
Test generato: 2512
Test generato: 2513
Test generato: 2514
Test generato: 2515
Test generato: 2516
Test generato: 2517
Test generato: 2518
Test generato: 2519
Test generato: 2520
Test generato: 2521
Test generato: 2522
Test generato: 2523
Test generato: 2524
Test generato: 2525
Test generato: 2526
Test generato: 2527
Test generato: 2528
Test generato: 2529
Test generato: 2530
Test generato: 2531
Test generato: 2532
Test generato: 2533
Test generato: 2534
Test generato: 2535
Test generato: 2536
Test generato: 2537
Test generato: 2538
Test generato: 2539
Test generato: 2540
Test generato: 2541
Test generato: 2542
Test generato: 2543
Test generato: 2544
Test generato: 2545
Test generato: 2546
Test generato: 2547
Test generato: 2548
Test generato: 2549
Test generato: 2550
Test generato: 2551
Test generato: 2552
Test generato: 2553
Test generato: 2554
Test generato: 2555
Test generato: 2556
Test generato: 2557
Test generato: 2558
Test generato: 2559
Test generato: 2560
Test generato: 2561
Test generato: 2562
Test generato: 2563
Test generato: 2564
Test generato: 2565
Test generato: 2566
Test generato: 2567
Test generato: 2568
Test generato: 2569
Test generato: 2570
Test generato: 2571
Test generato: 2572
Test generato: 2573
Test generato: 2574
Test generato: 2575
Test generato: 2576
Test generato: 2577
Test generato: 2578
Test generato: 2579
Test generato: 2580
Test generato: 2581
Test generato: 2582
Test generato: 2583
Test generato: 2584
Test generato: 2585
Test generato: 2586
Test generato: 2587
Test generato: 2588
Test generato: 2589
Test generato: 2590
Test generato: 2591
Test generato: 2592
Test generato: 2593
Test generato: 2594
Test generato: 2595
Test generato: 2596
Test generato: 2597
Test generato: 2598
Test generato: 2599
Test generato: 2600
Test generato: 2601
Test generato: 2602
Test generato: 2603
Test generato: 2604
Test generato: 2605
Test generato: 2606
Test generato: 2607
Test generato: 2608
Test generato: 2609
Test generato: 2610
Test generato: 2611
Test generato: 2612
Test generato: 2613
Test generato: 2614
Test generato: 2615
Test generato: 2616
Test generato: 2617
Test generato: 2618
Test generato: 2619
Test generato: 2620
Test generato: 2621
Test generato: 2622
Test generato: 2623
Test generato: 2624
Test generato: 2625
Test generato: 2626
Test generato: 2627
Test generato: 2628
Test generato: 2629
Test generato: 2630
Test generato: 2631
Test generato: 2632
Test generato: 2633
Test generato: 2634
Test generato: 2635
Test generato: 2636
Test generato: 2637
Test generato: 2638
Test generato: 2639
Test generato: 2640
Test generato: 2641
Test generato: 2642
Test generato: 2643
Test generato: 2644
Test generato: 2645
Test generato: 2646
Test generato: 2647
Test generato: 2648
Test generato: 2649
Test generato: 2650
Test generato: 2651
Test generato: 2652
Test generato: 2653
Test generato: 2654
Test generato: 2655
Test generato: 2656
Test generato: 2657
Test generato: 2658
Test generato: 2659
Test generato: 2660
Test generato: 2661
Test generato: 2662
Test generato: 2663
Test generato: 2664
Test generato: 2665
Test generato: 2666
Test generato: 2667
Test generato: 2668
Test generato: 2669
Test generato: 2670
Test generato: 2671
Test generato: 2672
Test generato: 2673
Test generato: 2674
Test generato: 2675
Test generato: 2676
Test generato: 2677
Test generato: 2678
Test generato: 2679
Test generato: 2680
Test generato: 2681
Test generato: 2682
Test generato: 2683
Test generato: 2684
Test generato: 2685
Test generato: 2686
Test generato: 2687
Test generato: 2688
Test generato: 2689
Test generato: 2690
Test generato: 2691
Test generato: 2692
Test generato: 2693
Test generato: 2694
Test generato: 2695
Test generato: 2696
Test generato: 2697
Test generato: 2698
Test generato: 2699
Test generato: 2700
Test generato: 2701
Test generato: 2702
Test generato: 2703
Test generato: 2704
Test generato: 2705
Test generato: 2706
Test generato: 2707
Test generato: 2708
Test generato: 2709
Test generato: 2710
Test generato: 2711
Test generato: 2712
Test generato: 2713
Test generato: 2714
Test generato: 2715
Test generato: 2716
Test generato: 2717
Test generato: 2718
Test generato: 2719
Test generato: 2720
Test generato: 2721
Test generato: 2722
Test generato: 2723
Test generato: 2724
Test generato: 2725
Test generato: 2726
Test generato: 2727
Test generato: 2728
Test generato: 2729
Test generato: 2730
Test generato: 2731
Test generato: 2732
Test generato: 2733
Test generato: 2734
Test generato: 2735
Test generato: 2736
Test generato: 2737
Test generato: 2738
Test generato: 2739
Test generato: 2740
Test generato: 2741
Test generato: 2742
Test generato: 2743
Test generato: 2744
Test generato: 2745
Test generato: 2746
Test generato: 2747
Test generato: 2748
Test generato: 2749
Test generato: 2750
Test generato: 2751
Test generato: 2752
Test generato: 2753
Test generato: 2754
Test generato: 2755
Test generato: 2756
Test generato: 2757
Test generato: 2758
Test generato: 2759
Test generato: 2760
Test generato: 2761
Test generato: 2762
Test generato: 2763
Test generato: 2764
Test generato: 2765
Test generato: 2766
Test generato: 2767
Test generato: 2768
Test generato: 2769
Test generato: 2770
Test generato: 2771
Test generato: 2772
Test generato: 2773
Test generato: 2774
Test generato: 2775
Test generato: 2776
Test generato: 2777
Test generato: 2778
Test generato: 2779
Test generato: 2780
Test generato: 2781
Test generato: 2782
Test generato: 2783
Test generato: 2784
Test generato: 2785
Test generato: 2786
Test generato: 2787
Test generato: 2788
Test generato: 2789
Test generato: 2790
Test generato: 2791
Test generato: 2792
Test generato: 2793
Test generato: 2794
Test generato: 2795
Test generato: 2796
Test generato: 2797
Test generato: 2798
Test generato: 2799
Test generato: 2800
Test generato: 2801
Test generato: 2802
Test generato: 2803
Test generato: 2804
Test generato: 2805
Test generato: 2806
Test generato: 2807
Test generato: 2808
Test generato: 2809
Test generato: 2810
Test generato: 2811
Test generato: 2812
Test generato: 2813
Test generato: 2814
Test generato: 2815
Test generato: 2816
Test generato: 2817
Test generato: 2818
Test generato: 2819
Test generato: 2820
Test generato: 2821
Test generato: 2822
Test generato: 2823
Test generato: 2824
Test generato: 2825
Test generato: 2826
Test generato: 2827
Test generato: 2828
Test generato: 2829
Test generato: 2830
Test generato: 2831
Test generato: 2832
Test generato: 2833
Test generato: 2834
Test generato: 2835
Test generato: 2836
Test generato: 2837
Test generato: 2838
Test generato: 2839
Test generato: 2840
Test generato: 2841
Test generato: 2842
Test generato: 2843
Test generato: 2844
Test generato: 2845
Test generato: 2846
Test generato: 2847
Test generato: 2848
Test generato: 2849
Test generato: 2850
Test generato: 2851
Test generato: 2852
Test generato: 2853
Test generato: 2854
Test generato: 2855
Test generato: 2856
Test generato: 2857
Test generato: 2858
Test generato: 2859
Test generato: 2860
Test generato: 2861
Test generato: 2862
Test generato: 2863
Test generato: 2864
Test generato: 2865
Test generato: 2866
Test generato: 2867
Test generato: 2868
Test generato: 2869
Test generato: 2870
Test generato: 2871
Test generato: 2872
Test generato: 2873
Test generato: 2874
Test generato: 2875
Test generato: 2876
Test generato: 2877
Test generato: 2878
Test generato: 2879
Test generato: 2880
Test generato: 2881
Test generato: 2882
Test generato: 2883
Test generato: 2884
Test generato: 2885
Test generato: 2886
Test generato: 2887
Test generato: 2888
Test generato: 2889
Test generato: 2890
Test generato: 2891
Test generato: 2892
Test generato: 2893
Test generato: 2894
Test generato: 2895
Test generato: 2896
Test generato: 2897
Test generato: 2898
Test generato: 2899
Test generato: 2900
Test generato: 2901
Test generato: 2902
Test generato: 2903
Test generato: 2904
Test generato: 2905
Test generato: 2906
Test generato: 2907
Test generato: 2908
Test generato: 2909
Test generato: 2910
Test generato: 2911
Test generato: 2912
Test generato: 2913
Test generato: 2914
Test generato: 2915
Test generato: 2916
Test generato: 2917
Test generato: 2918
Test generato: 2919
Test generato: 2920
Test generato: 2921
Test generato: 2922
Test generato: 2923
Test generato: 2924
Test generato: 2925
Test generato: 2926
Test generato: 2927
Test generato: 2928
Test generato: 2929
Test generato: 2930
Test generato: 2931
Test generato: 2932
Test generato: 2933
Test generato: 2934
Test generato: 2935
Test generato: 2936
Test generato: 2937
Test generato: 2938
Test generato: 2939
Test generato: 2940
Test generato: 2941
Test generato: 2942
Test generato: 2943
Test generato: 2944
Test generato: 2945
Test generato: 2946
Test generato: 2947
Test generato: 2948
Test generato: 2949
Test generato: 2950
Test generato: 2951
Test generato: 2952
Test generato: 2953
Test generato: 2954
Test generato: 2955
Test generato: 2956
Test generato: 2957
Test generato: 2958
Test generato: 2959
Test generato: 2960
Test generato: 2961
Test generato: 2962
Test generato: 2963
Test generato: 2964
Test generato: 2965
Test generato: 2966
Test generato: 2967
Test generato: 2968
Test generato: 2969
Test generato: 2970
Test generato: 2971
Test generato: 2972
Test generato: 2973
Test generato: 2974
Test generato: 2975
Test generato: 2976
Test generato: 2977
Test generato: 2978
Test generato: 2979
Test generato: 2980
Test generato: 2981
Test generato: 2982
Test generato: 2983
Test generato: 2984
Test generato: 2985
Test generato: 2986
Test generato: 2987
Test generato: 2988
Test generato: 2989
Test generato: 2990
Test generato: 2991
Test generato: 2992
Test generato: 2993
Test generato: 2994
Test generato: 2995
Test generato: 2996
Test generato: 2997
Test generato: 2998
Test generato: 2999
Test generato: 3000
Test generato: 3001
Test generato: 3002
Test generato: 3003
Test generato: 3004
Test generato: 3005
Test generato: 3006
Test generato: 3007
Test generato: 3008
Test generato: 3009
Test generato: 3010
Test generato: 3011
Test generato: 3012
Test generato: 3013
Test generato: 3014
Test generato: 3015
Test generato: 3016
Test generato: 3017
Test generato: 3018
Test generato: 3019
Test generato: 3020
Test generato: 3021
Test generato: 3022
Test generato: 3023
Test generato: 3024
Test generato: 3025
Test generato: 3026
Test generato: 3027
Test generato: 3028
Test generato: 3029
Test generato: 3030
Test generato: 3031
Test generato: 3032
Test generato: 3033
Test generato: 3034
Test generato: 3035
Test generato: 3036
Test generato: 3037
Test generato: 3038
Test generato: 3039
Test generato: 3040
Test generato: 3041
Test generato: 3042
Test generato: 3043
Test generato: 3044
Test generato: 3045
Test generato: 3046
Test generato: 3047
Test generato: 3048
Test generato: 3049
Test generato: 3050
Test generato: 3051
Test generato: 3052
Test generato: 3053
Test generato: 3054
Test generato: 3055
Test generato: 3056
Test generato: 3057
Test generato: 3058
Test generato: 3059
Test generato: 3060
Test generato: 3061
Test generato: 3062
Test generato: 3063
Test generato: 3064
Test generato: 3065
Test generato: 3066
Test generato: 3067
Test generato: 3068
Test generato: 3069
Test generato: 3070
Test generato: 3071
Test generato: 3072
Test generato: 3073
Test generato: 3074
Test generato: 3075
Test generato: 3076
Test generato: 3077
Test generato: 3078
Test generato: 3079
Test generato: 3080
Test generato: 3081
Test generato: 3082
Test generato: 3083
Test generato: 3084
Test generato: 3085
Test generato: 3086
Test generato: 3087
Test generato: 3088
Test generato: 3089
Test generato: 3090
Test generato: 3091
Test generato: 3092
Test generato: 3093
Test generato: 3094
Test generato: 3095
Test generato: 3096
Test generato: 3097
Test generato: 3098
Test generato: 3099
Test generato: 3100
Test generato: 3101
Test generato: 3102
Test generato: 3103
Test generato: 3104
Test generato: 3105
Test generato: 3106
Test generato: 3107
Test generato: 3108
Test generato: 3109
Test generato: 3110
Test generato: 3111
Test generato: 3112
Test generato: 3113
Test generato: 3114
Test generato: 3115
Test generato: 3116
Test generato: 3117
Test generato: 3118
Test generato: 3119
Test generato: 3120
Test generato: 3121
Test generato: 3122
Test generato: 3123
Test generato: 3124
Test generato: 3125
Test generato: 3126
Test generato: 3127
Test generato: 3128
Test generato: 3129
Test generato: 3130
Test generato: 3131
Test generato: 3132
Test generato: 3133
Test generato: 3134
Test generato: 3135
Test generato: 3136
Test generato: 3137
Test generato: 3138
Test generato: 3139
Test generato: 3140
Test generato: 3141
Test generato: 3142
Test generato: 3143
Test generato: 3144
Test generato: 3145
Test generato: 3146
Test generato: 3147
Test generato: 3148
Test generato: 3149
Test generato: 3150
Test generato: 3151
Test generato: 3152
Test generato: 3153
Test generato: 3154
Test generato: 3155
Test generato: 3156
Test generato: 3157
Test generato: 3158
Test generato: 3159
Test generato: 3160
Test generato: 3161
Test generato: 3162
Test generato: 3163
Test generato: 3164
Test generato: 3165
Test generato: 3166
Test generato: 3167
Test generato: 3168
Test generato: 3169
Test generato: 3170
Test generato: 3171
Test generato: 3172
Test generato: 3173
Test generato: 3174
Test generato: 3175
Test generato: 3176
Test generato: 3177
Test generato: 3178
Test generato: 3179
Test generato: 3180
Test generato: 3181
Test generato: 3182
Test generato: 3183
Test generato: 3184
Test generato: 3185
Test generato: 3186
Test generato: 3187
Test generato: 3188
Test generato: 3189
Test generato: 3190
Test generato: 3191
Test generato: 3192
Test generato: 3193
Test generato: 3194
Test generato: 3195
Test generato: 3196
Test generato: 3197
Test generato: 3198
Test generato: 3199
Test generato: 3200
Test generato: 3201
Test generato: 3202
Test generato: 3203
Test generato: 3204
Test generato: 3205
Test generato: 3206
Test generato: 3207
Test generato: 3208
Test generato: 3209
Test generato: 3210
Test generato: 3211
Test generato: 3212
Test generato: 3213
Test generato: 3214
Test generato: 3215
Test generato: 3216
Test generato: 3217
Test generato: 3218
Test generato: 3219
Test generato: 3220
Test generato: 3221
Test generato: 3222
Test generato: 3223
Test generato: 3224
Test generato: 3225
Test generato: 3226
Test generato: 3227
Test generato: 3228
Test generato: 3229
Test generato: 3230
Test generato: 3231
Test generato: 3232
Test generato: 3233
Test generato: 3234
Test generato: 3235
Test generato: 3236
Test generato: 3237
Test generato: 3238
Test generato: 3239
Test generato: 3240
Test generato: 3241
Test generato: 3242
Test generato: 3243
Test generato: 3244
Test generato: 3245
Test generato: 3246
Test generato: 3247
Test generato: 3248
Test generato: 3249
Test generato: 3250
Test generato: 3251
Test generato: 3252
Test generato: 3253
Test generato: 3254
Test generato: 3255
Test generato: 3256
Test generato: 3257
Test generato: 3258
Test generato: 3259
Test generato: 3260
Test generato: 3261
Test generato: 3262
Test generato: 3263
Test generato: 3264
Test generato: 3265
Test generato: 3266
Test generato: 3267
Test generato: 3268
Test generato: 3269
Test generato: 3270
Test generato: 3271
Test generato: 3272
Test generato: 3273
Test generato: 3274
Test generato: 3275
Test generato: 3276
Test generato: 3277
Test generato: 3278
Test generato: 3279
Test generato: 3280
Test generato: 3281
Test generato: 3282
Test generato: 3283
Test generato: 3284
Test generato: 3285
Test generato: 3286
Test generato: 3287
Test generato: 3288
Test generato: 3289
Test generato: 3290
Test generato: 3291
Test generato: 3292
Test generato: 3293
Test generato: 3294
Test generato: 3295
Test generato: 3296
Test generato: 3297
Test generato: 3298
Test generato: 3299
Test generato: 3300
Test generato: 3301
Test generato: 3302
Test generato: 3303
Test generato: 3304
Test generato: 3305
Test generato: 3306
Test generato: 3307
Test generato: 3308
Test generato: 3309
Test generato: 3310
Test generato: 3311
Test generato: 3312
Test generato: 3313
Test generato: 3314
Test generato: 3315
Test generato: 3316
Test generato: 3317
Test generato: 3318
Test generato: 3319
Test generato: 3320
Test generato: 3321
Test generato: 3322
Test generato: 3323
Test generato: 3324
Test generato: 3325
Test generato: 3326
Test generato: 3327
Test generato: 3328
Test generato: 3329
Test generato: 3330
Test generato: 3331
Test generato: 3332
Test generato: 3333
Test generato: 3334
Test generato: 3335
Test generato: 3336
Test generato: 3337
Test generato: 3338
Test generato: 3339
Test generato: 3340
Test generato: 3341
Test generato: 3342
Test generato: 3343
Test generato: 3344
Test generato: 3345
Test generato: 3346
Test generato: 3347
Test generato: 3348
Test generato: 3349
Test generato: 3350
Test generato: 3351
Test generato: 3352
Test generato: 3353
Test generato: 3354
Test generato: 3355
Test generato: 3356
Test generato: 3357
Test generato: 3358
Test generato: 3359
Test generato: 3360
Test generato: 3361
Test generato: 3362
Test generato: 3363
Test generato: 3364
Test generato: 3365
Test generato: 3366
Test generato: 3367
Test generato: 3368
Test generato: 3369
Test generato: 3370
Test generato: 3371
Test generato: 3372
Test generato: 3373
Test generato: 3374
Test generato: 3375
Test generato: 3376
Test generato: 3377
Test generato: 3378
Test generato: 3379
Test generato: 3380
Test generato: 3381
Test generato: 3382
Test generato: 3383
Test generato: 3384
Test generato: 3385
Test generato: 3386
Test generato: 3387
Test generato: 3388
Test generato: 3389
Test generato: 3390
Test generato: 3391
Test generato: 3392
Test generato: 3393
Test generato: 3394
Test generato: 3395
Test generato: 3396
Test generato: 3397
Test generato: 3398
Test generato: 3399
Test generato: 3400
Test generato: 3401
Test generato: 3402
Test generato: 3403
Test generato: 3404
Test generato: 3405
Test generato: 3406
Test generato: 3407
Test generato: 3408
Test generato: 3409
Test generato: 3410
Test generato: 3411
Test generato: 3412
Test generato: 3413
Test generato: 3414
Test generato: 3415
Test generato: 3416
Test generato: 3417
Test generato: 3418
Test generato: 3419
Test generato: 3420
Test generato: 3421
Test generato: 3422
Test generato: 3423
Test generato: 3424
Test generato: 3425
Test generato: 3426
Test generato: 3427
Test generato: 3428
Test generato: 3429
Test generato: 3430
Test generato: 3431
Test generato: 3432
Test generato: 3433
Test generato: 3434
Test generato: 3435
Test generato: 3436
Test generato: 3437
Test generato: 3438
Test generato: 3439
Test generato: 3440
Test generato: 3441
Test generato: 3442
Test generato: 3443
Test generato: 3444
Test generato: 3445
Test generato: 3446
Test generato: 3447
Test generato: 3448
Test generato: 3449
Test generato: 3450
Test generato: 3451
Test generato: 3452
Test generato: 3453
Test generato: 3454
Test generato: 3455
Test generato: 3456
Test generato: 3457
Test generato: 3458
Test generato: 3459
Test generato: 3460
Test generato: 3461
Test generato: 3462
Test generato: 3463
Test generato: 3464
Test generato: 3465
Test generato: 3466
Test generato: 3467
Test generato: 3468
Test generato: 3469
Test generato: 3470
Test generato: 3471
Test generato: 3472
Test generato: 3473
Test generato: 3474
Test generato: 3475
Test generato: 3476
Test generato: 3477
Test generato: 3478
Test generato: 3479
Test generato: 3480
Test generato: 3481
Test generato: 3482
Test generato: 3483
Test generato: 3484
Test generato: 3485
Test generato: 3486
Test generato: 3487
Test generato: 3488
Test generato: 3489
Test generato: 3490
Test generato: 3491
Test generato: 3492
Test generato: 3493
Test generato: 3494
Test generato: 3495
Test generato: 3496
Test generato: 3497
Test generato: 3498
Test generato: 3499
Test generato: 3500
Test generato: 3501
Test generato: 3502
Test generato: 3503
Test generato: 3504
Test generato: 3505
Test generato: 3506
Test generato: 3507
Test generato: 3508
Test generato: 3509
Test generato: 3510
Test generato: 3511
Test generato: 3512
Test generato: 3513
Test generato: 3514
Test generato: 3515
Test generato: 3516
Test generato: 3517
Test generato: 3518
Test generato: 3519
Test generato: 3520
Test generato: 3521
Test generato: 3522
Test generato: 3523
Test generato: 3524
Test generato: 3525
Test generato: 3526
Test generato: 3527
Test generato: 3528
Test generato: 3529
Test generato: 3530
Test generato: 3531
Test generato: 3532
Test generato: 3533
Test generato: 3534
Test generato: 3535
Test generato: 3536
Test generato: 3537
Test generato: 3538
Test generato: 3539
Test generato: 3540
Test generato: 3541
Test generato: 3542
Test generato: 3543
Test generato: 3544
Test generato: 3545
Test generato: 3546
Test generato: 3547
Test generato: 3548
Test generato: 3549
Test generato: 3550
Test generato: 3551
Test generato: 3552
Test generato: 3553
Test generato: 3554
Test generato: 3555
Test generato: 3556
Test generato: 3557
Test generato: 3558
Test generato: 3559
Test generato: 3560
Test generato: 3561
Test generato: 3562
Test generato: 3563
Test generato: 3564
Test generato: 3565
Test generato: 3566
Test generato: 3567
Test generato: 3568
Test generato: 3569
Test generato: 3570
Test generato: 3571
Test generato: 3572
Test generato: 3573
Test generato: 3574
Test generato: 3575
Test generato: 3576
Test generato: 3577
Test generato: 3578
Test generato: 3579
Test generato: 3580
Test generato: 3581
Test generato: 3582
Test generato: 3583
Test generato: 3584
Test generato: 3585
Test generato: 3586
Test generato: 3587
Test generato: 3588
Test generato: 3589
Test generato: 3590
Test generato: 3591
Test generato: 3592
Test generato: 3593
Test generato: 3594
Test generato: 3595
Test generato: 3596
Test generato: 3597
Test generato: 3598
Test generato: 3599
Test generato: 3600
Test generato: 3601
Test generato: 3602
Test generato: 3603
Test generato: 3604
Test generato: 3605
Test generato: 3606
Test generato: 3607
Test generato: 3608
Test generato: 3609
Test generato: 3610
Test generato: 3611
Test generato: 3612
Test generato: 3613
Test generato: 3614
Test generato: 3615
Test generato: 3616
Test generato: 3617
Test generato: 3618
Test generato: 3619
Test generato: 3620
Test generato: 3621
Test generato: 3622
Test generato: 3623
Test generato: 3624
Test generato: 3625
Test generato: 3626
Test generato: 3627
Test generato: 3628
Test generato: 3629
Test generato: 3630
Test generato: 3631
Test generato: 3632
Test generato: 3633
Test generato: 3634
Test generato: 3635
Test generato: 3636
Test generato: 3637
Test generato: 3638
Test generato: 3639
Test generato: 3640
Test generato: 3641
Test generato: 3642
Test generato: 3643
Test generato: 3644
Test generato: 3645
Test generato: 3646
Test generato: 3647
Test generato: 3648
Test generato: 3649
Test generato: 3650
Test generato: 3651
Test generato: 3652
Test generato: 3653
Test generato: 3654
Test generato: 3655
Test generato: 3656
Test generato: 3657
Test generato: 3658
Test generato: 3659
Test generato: 3660
Test generato: 3661
Test generato: 3662
Test generato: 3663
Test generato: 3664
Test generato: 3665
Test generato: 3666
Test generato: 3667
Test generato: 3668
Test generato: 3669
Test generato: 3670
Test generato: 3671
Test generato: 3672
Test generato: 3673
Test generato: 3674
Test generato: 3675
Test generato: 3676
Test generato: 3677
Test generato: 3678
Test generato: 3679
Test generato: 3680
Test generato: 3681
Test generato: 3682
Test generato: 3683
Test generato: 3684
Test generato: 3685
Test generato: 3686
Test generato: 3687
Test generato: 3688
Test generato: 3689
Test generato: 3690
Test generato: 3691
Test generato: 3692
Test generato: 3693
Test generato: 3694
Test generato: 3695
Test generato: 3696
Test generato: 3697
Test generato: 3698
Test generato: 3699
Test generato: 3700
Test generato: 3701
Test generato: 3702
Test generato: 3703
Test generato: 3704
Test generato: 3705
Test generato: 3706
Test generato: 3707
Test generato: 3708
Test generato: 3709
Test generato: 3710
Test generato: 3711
Test generato: 3712
Test generato: 3713
Test generato: 3714
Test generato: 3715
Test generato: 3716
Test generato: 3717
Test generato: 3718
Test generato: 3719
Test generato: 3720
Test generato: 3721
Test generato: 3722
Test generato: 3723
Test generato: 3724
Test generato: 3725
Test generato: 3726
Test generato: 3727
Test generato: 3728
Test generato: 3729
Test generato: 3730
Test generato: 3731
Test generato: 3732
Test generato: 3733
Test generato: 3734
Test generato: 3735
Test generato: 3736
Test generato: 3737
Test generato: 3738
Test generato: 3739
Test generato: 3740
Test generato: 3741
Test generato: 3742
Test generato: 3743
Test generato: 3744
Test generato: 3745
Test generato: 3746
Test generato: 3747
Test generato: 3748
Test generato: 3749
Test generato: 3750
Test generato: 3751
Test generato: 3752
Test generato: 3753
Test generato: 3754
Test generato: 3755
Test generato: 3756
Test generato: 3757
Test generato: 3758
Test generato: 3759
Test generato: 3760
Test generato: 3761
Test generato: 3762
Test generato: 3763
Test generato: 3764
Test generato: 3765
Test generato: 3766
Test generato: 3767
Test generato: 3768
Test generato: 3769
Test generato: 3770
Test generato: 3771
Test generato: 3772
Test generato: 3773
Test generato: 3774
Test generato: 3775
Test generato: 3776
Test generato: 3777
Test generato: 3778
Test generato: 3779
Test generato: 3780
Test generato: 3781
Test generato: 3782
Test generato: 3783
Test generato: 3784
Test generato: 3785
Test generato: 3786
Test generato: 3787
Test generato: 3788
Test generato: 3789
Test generato: 3790
Test generato: 3791
Test generato: 3792
Test generato: 3793
Test generato: 3794
Test generato: 3795
Test generato: 3796
Test generato: 3797
Test generato: 3798
Test generato: 3799
Test generato: 3800
Test generato: 3801
Test generato: 3802
Test generato: 3803
Test generato: 3804
Test generato: 3805
Test generato: 3806
Test generato: 3807
Test generato: 3808
Test generato: 3809
Test generato: 3810
Test generato: 3811
Test generato: 3812
Test generato: 3813
Test generato: 3814
Test generato: 3815
Test generato: 3816
Test generato: 3817
Test generato: 3818
Test generato: 3819
Test generato: 3820
Test generato: 3821
Test generato: 3822
Test generato: 3823
Test generato: 3824
Test generato: 3825
Test generato: 3826
Test generato: 3827
Test generato: 3828
Test generato: 3829
Test generato: 3830
Test generato: 3831
Test generato: 3832
Test generato: 3833
Test generato: 3834
Test generato: 3835
Test generato: 3836
Test generato: 3837
Test generato: 3838
Test generato: 3839
Test generato: 3840
Test generato: 3841
Test generato: 3842
Test generato: 3843
Test generato: 3844
Test generato: 3845
Test generato: 3846
Test generato: 3847
Test generato: 3848
Test generato: 3849
Test generato: 3850
Test generato: 3851
Test generato: 3852
Test generato: 3853
Test generato: 3854
Test generato: 3855
Test generato: 3856
Test generato: 3857
Test generato: 3858
Test generato: 3859
Test generato: 3860
Test generato: 3861
Test generato: 3862
Test generato: 3863
Test generato: 3864
Test generato: 3865
Test generato: 3866
Test generato: 3867
Test generato: 3868
Test generato: 3869
Test generato: 3870
Test generato: 3871
Test generato: 3872
Test generato: 3873
Test generato: 3874
Test generato: 3875
Test generato: 3876
Test generato: 3877
Test generato: 3878
Test generato: 3879
Test generato: 3880
Test generato: 3881
Test generato: 3882
Test generato: 3883
Test generato: 3884
Test generato: 3885
Test generato: 3886
Test generato: 3887
Test generato: 3888
Test generato: 3889
Test generato: 3890
Test generato: 3891
Test generato: 3892
Test generato: 3893
Test generato: 3894
Test generato: 3895
Test generato: 3896
Test generato: 3897
Test generato: 3898
Test generato: 3899
Test generato: 3900
Test generato: 3901
Test generato: 3902
Test generato: 3903
Test generato: 3904
Test generato: 3905
Test generato: 3906
Test generato: 3907
Test generato: 3908
Test generato: 3909
Test generato: 3910
Test generato: 3911
Test generato: 3912
Test generato: 3913
Test generato: 3914
Test generato: 3915
Test generato: 3916
Test generato: 3917
Test generato: 3918
Test generato: 3919
Test generato: 3920
Test generato: 3921
Test generato: 3922
Test generato: 3923
Test generato: 3924
Test generato: 3925
Test generato: 3926
Test generato: 3927
Test generato: 3928
Test generato: 3929
Test generato: 3930
Test generato: 3931
Test generato: 3932
Test generato: 3933
Test generato: 3934
Test generato: 3935
Test generato: 3936
Test generato: 3937
Test generato: 3938
Test generato: 3939
Test generato: 3940
Test generato: 3941
Test generato: 3942
Test generato: 3943
Test generato: 3944
Test generato: 3945
Test generato: 3946
Test generato: 3947
Test generato: 3948
Test generato: 3949
Test generato: 3950
Test generato: 3951
Test generato: 3952
Test generato: 3953
Test generato: 3954
Test generato: 3955
Test generato: 3956
Test generato: 3957
Test generato: 3958
Test generato: 3959
Test generato: 3960
Test generato: 3961
Test generato: 3962
Test generato: 3963
Test generato: 3964
Test generato: 3965
Test generato: 3966
Test generato: 3967
Test generato: 3968
Test generato: 3969
Test generato: 3970
Test generato: 3971
Test generato: 3972
Test generato: 3973
Test generato: 3974
Test generato: 3975
Test generato: 3976
Test generato: 3977
Test generato: 3978
Test generato: 3979
Test generato: 3980
Test generato: 3981
Test generato: 3982
Test generato: 3983
Test generato: 3984
Test generato: 3985
Test generato: 3986
Test generato: 3987
Test generato: 3988
Test generato: 3989
Test generato: 3990
Test generato: 3991
Test generato: 3992
Test generato: 3993
Test generato: 3994
Test generato: 3995
Test generato: 3996
Test generato: 3997
Test generato: 3998
Test generato: 3999
Test generato: 4000
Test generato: 4001
Test generato: 4002
Test generato: 4003
Test generato: 4004
Test generato: 4005
Test generato: 4006
Test generato: 4007
Test generato: 4008
Test generato: 4009
Test generato: 4010
Test generato: 4011
Test generato: 4012
Test generato: 4013
Test generato: 4014
Test generato: 4015
Test generato: 4016
Test generato: 4017
Test generato: 4018
Test generato: 4019
Test generato: 4020
Test generato: 4021
Test generato: 4022
Test generato: 4023
Test generato: 4024
Test generato: 4025
Test generato: 4026
Test generato: 4027
Test generato: 4028
Test generato: 4029
Test generato: 4030
Test generato: 4031
Test generato: 4032
Test generato: 4033
Test generato: 4034
Test generato: 4035
Test generato: 4036
Test generato: 4037
Test generato: 4038
Test generato: 4039
Test generato: 4040
Test generato: 4041
Test generato: 4042
Test generato: 4043
Test generato: 4044
Test generato: 4045
Test generato: 4046
Test generato: 4047
Test generato: 4048
Test generato: 4049
Test generato: 4050
Test generato: 4051
Test generato: 4052
Test generato: 4053
Test generato: 4054
Test generato: 4055
Test generato: 4056
Test generato: 4057
Test generato: 4058
Test generato: 4059
Test generato: 4060
Test generato: 4061
Test generato: 4062
Test generato: 4063
Test generato: 4064
Test generato: 4065
Test generato: 4066
Test generato: 4067
Test generato: 4068
Test generato: 4069
Test generato: 4070
Test generato: 4071
Test generato: 4072
Test generato: 4073
Test generato: 4074
Test generato: 4075
Test generato: 4076
Test generato: 4077
Test generato: 4078
Test generato: 4079
Test generato: 4080
Test generato: 4081
Test generato: 4082
Test generato: 4083
Test generato: 4084
Test generato: 4085
Test generato: 4086
Test generato: 4087
Test generato: 4088
Test generato: 4089
Test generato: 4090
Test generato: 4091
Test generato: 4092
Test generato: 4093
Test generato: 4094
Test generato: 4095
Test generato: 4096
Test generato: 4097
Test generato: 4098
Test generato: 4099
Test generato: 4100
Test generato: 4101
Test generato: 4102
Test generato: 4103
Test generato: 4104
Test generato: 4105
Test generato: 4106
Test generato: 4107
Test generato: 4108
Test generato: 4109
Test generato: 4110
Test generato: 4111
Test generato: 4112
Test generato: 4113
Test generato: 4114
Test generato: 4115
Test generato: 4116
Test generato: 4117
Test generato: 4118
Test generato: 4119
Test generato: 4120
Test generato: 4121
Test generato: 4122
Test generato: 4123
Test generato: 4124
Test generato: 4125
Test generato: 4126
Test generato: 4127
Test generato: 4128
Test generato: 4129
Test generato: 4130
Test generato: 4131
Test generato: 4132
Test generato: 4133
Test generato: 4134
Test generato: 4135
Test generato: 4136
Test generato: 4137
Test generato: 4138
Test generato: 4139
Test generato: 4140
Test generato: 4141
Test generato: 4142
Test generato: 4143
Test generato: 4144
Test generato: 4145
Test generato: 4146
Test generato: 4147
Test generato: 4148
Test generato: 4149
Test generato: 4150
Test generato: 4151
Test generato: 4152
Test generato: 4153
Test generato: 4154
Test generato: 4155
Test generato: 4156
Test generato: 4157
Test generato: 4158
Test generato: 4159
Test generato: 4160
Test generato: 4161
Test generato: 4162
Test generato: 4163
Test generato: 4164
Test generato: 4165
Test generato: 4166
Test generato: 4167
Test generato: 4168
Test generato: 4169
Test generato: 4170
Test generato: 4171
Test generato: 4172
Test generato: 4173
Test generato: 4174
Test generato: 4175
Test generato: 4176
Test generato: 4177
Test generato: 4178
Test generato: 4179
Test generato: 4180
Test generato: 4181
Test generato: 4182
Test generato: 4183
Test generato: 4184
Test generato: 4185
Test generato: 4186
Test generato: 4187
Test generato: 4188
Test generato: 4189
Test generato: 4190
Test generato: 4191
Test generato: 4192
Test generato: 4193
Test generato: 4194
Test generato: 4195
Test generato: 4196
Test generato: 4197
Test generato: 4198
Test generato: 4199
Test generato: 4200
Test generato: 4201
Test generato: 4202
Test generato: 4203
Test generato: 4204
Test generato: 4205
Test generato: 4206
Test generato: 4207
Test generato: 4208
Test generato: 4209
Test generato: 4210
Test generato: 4211
Test generato: 4212
Test generato: 4213
Test generato: 4214
Test generato: 4215
Test generato: 4216
Test generato: 4217
Test generato: 4218
Test generato: 4219
Test generato: 4220
Test generato: 4221
Test generato: 4222
Test generato: 4223
Test generato: 4224
Test generato: 4225
Test generato: 4226
Test generato: 4227
Test generato: 4228
Test generato: 4229
Test generato: 4230
Test generato: 4231
Test generato: 4232
Test generato: 4233
Test generato: 4234
Test generato: 4235
Test generato: 4236
Test generato: 4237
Test generato: 4238
Test generato: 4239
Test generato: 4240
Test generato: 4241
Test generato: 4242
Test generato: 4243
Test generato: 4244
Test generato: 4245
Test generato: 4246
Test generato: 4247
Test generato: 4248
Test generato: 4249
Test generato: 4250
Test generato: 4251
Test generato: 4252
Test generato: 4253
Test generato: 4254
Test generato: 4255
Test generato: 4256
Test generato: 4257
Test generato: 4258
Test generato: 4259
Test generato: 4260
Test generato: 4261
Test generato: 4262
Test generato: 4263
Test generato: 4264
Test generato: 4265
Test generato: 4266
Test generato: 4267
Test generato: 4268
Test generato: 4269
Test generato: 4270
Test generato: 4271
Test generato: 4272
Test generato: 4273
Test generato: 4274
Test generato: 4275
Test generato: 4276
Test generato: 4277
Test generato: 4278
Test generato: 4279
Test generato: 4280
Test generato: 4281
Test generato: 4282
Test generato: 4283
Test generato: 4284
Test generato: 4285
Test generato: 4286
Test generato: 4287
Test generato: 4288
Test generato: 4289
Test generato: 4290
Test generato: 4291
Test generato: 4292
Test generato: 4293
Test generato: 4294
Test generato: 4295
Test generato: 4296
Test generato: 4297
Test generato: 4298
Test generato: 4299
Test generato: 4300
Test generato: 4301
Test generato: 4302
Test generato: 4303
Test generato: 4304
Test generato: 4305
Test generato: 4306
Test generato: 4307
Test generato: 4308
Test generato: 4309
Test generato: 4310
Test generato: 4311
Test generato: 4312
Test generato: 4313
Test generato: 4314
Test generato: 4315
Test generato: 4316
Test generato: 4317
Test generato: 4318
Test generato: 4319
Test generato: 4320
Test generato: 4321
Test generato: 4322
Test generato: 4323
Test generato: 4324
Test generato: 4325
Test generato: 4326
Test generato: 4327
Test generato: 4328
Test generato: 4329
Test generato: 4330
Test generato: 4331
Test generato: 4332
Test generato: 4333
Test generato: 4334
Test generato: 4335
Test generato: 4336
Test generato: 4337
Test generato: 4338
Test generato: 4339
Test generato: 4340
Test generato: 4341
Test generato: 4342
Test generato: 4343
Test generato: 4344
Test generato: 4345
Test generato: 4346
Test generato: 4347
Test generato: 4348
Test generato: 4349
Test generato: 4350
Test generato: 4351
Test generato: 4352
Test generato: 4353
Test generato: 4354
Test generato: 4355
Test generato: 4356
Test generato: 4357
Test generato: 4358
Test generato: 4359
Test generato: 4360
Test generato: 4361
Test generato: 4362
Test generato: 4363
Test generato: 4364
Test generato: 4365
Test generato: 4366
Test generato: 4367
Test generato: 4368
Test generato: 4369
Test generato: 4370
Test generato: 4371
Test generato: 4372
Test generato: 4373
Test generato: 4374
Test generato: 4375
Test generato: 4376
Test generato: 4377
Test generato: 4378
Test generato: 4379
Test generato: 4380
Test generato: 4381
Test generato: 4382
Test generato: 4383
Test generato: 4384
Test generato: 4385
Test generato: 4386
Test generato: 4387
Test generato: 4388
Test generato: 4389
Test generato: 4390
Test generato: 4391
Test generato: 4392
Test generato: 4393
Test generato: 4394
Test generato: 4395
Test generato: 4396
Test generato: 4397
Test generato: 4398
Test generato: 4399
Test generato: 4400
Test generato: 4401
Test generato: 4402
Test generato: 4403
Test generato: 4404
Test generato: 4405
Test generato: 4406
Test generato: 4407
Test generato: 4408
Test generato: 4409
Test generato: 4410
Test generato: 4411
Test generato: 4412
Test generato: 4413
Test generato: 4414
Test generato: 4415
Test generato: 4416
Test generato: 4417
Test generato: 4418
Test generato: 4419
Test generato: 4420
Test generato: 4421
Test generato: 4422
Test generato: 4423
Test generato: 4424
Test generato: 4425
Test generato: 4426
Test generato: 4427
Test generato: 4428
Test generato: 4429
Test generato: 4430
Test generato: 4431
Test generato: 4432
Test generato: 4433
Test generato: 4434
Test generato: 4435
Test generato: 4436
Test generato: 4437
Test generato: 4438
Test generato: 4439
Test generato: 4440
Test generato: 4441
Test generato: 4442
Test generato: 4443
Test generato: 4444
Test generato: 4445
Test generato: 4446
Test generato: 4447
Test generato: 4448
Test generato: 4449
Test generato: 4450
Test generato: 4451
Test generato: 4452
Test generato: 4453
Test generato: 4454
Test generato: 4455
Test generato: 4456
Test generato: 4457
Test generato: 4458
Test generato: 4459
Test generato: 4460
Test generato: 4461
Test generato: 4462
Test generato: 4463
Test generato: 4464
Test generato: 4465
Test generato: 4466
Test generato: 4467
Test generato: 4468
Test generato: 4469
Test generato: 4470
Test generato: 4471
Test generato: 4472
Test generato: 4473
Test generato: 4474
Test generato: 4475
Test generato: 4476
Test generato: 4477
Test generato: 4478
Test generato: 4479
Test generato: 4480
Test generato: 4481
Test generato: 4482
Test generato: 4483
Test generato: 4484
Test generato: 4485
Test generato: 4486
Test generato: 4487
Test generato: 4488
Test generato: 4489
Test generato: 4490
Test generato: 4491
Test generato: 4492
Test generato: 4493
Test generato: 4494
Test generato: 4495
Test generato: 4496
Test generato: 4497
Test generato: 4498
Test generato: 4499
Test generato: 4500
Test generato: 4501
Test generato: 4502
Test generato: 4503
Test generato: 4504
Test generato: 4505
Test generato: 4506
Test generato: 4507
Test generato: 4508
Test generato: 4509
Test generato: 4510
Test generato: 4511
Test generato: 4512
Test generato: 4513
Test generato: 4514
Test generato: 4515
Test generato: 4516
Test generato: 4517
Test generato: 4518
Test generato: 4519
Test generato: 4520
Test generato: 4521
Test generato: 4522
Test generato: 4523
Test generato: 4524
Test generato: 4525
Test generato: 4526
Test generato: 4527
Test generato: 4528
Test generato: 4529
Test generato: 4530
Test generato: 4531
Test generato: 4532
Test generato: 4533
Test generato: 4534
Test generato: 4535
Test generato: 4536
Test generato: 4537
Test generato: 4538
Test generato: 4539
Test generato: 4540
Test generato: 4541
Test generato: 4542
Test generato: 4543
Test generato: 4544
Test generato: 4545
Test generato: 4546
Test generato: 4547
Test generato: 4548
Test generato: 4549
Test generato: 4550
Test generato: 4551
Test generato: 4552
Test generato: 4553
Test generato: 4554
Test generato: 4555
Test generato: 4556
Test generato: 4557
Test generato: 4558
Test generato: 4559
Test generato: 4560
Test generato: 4561
Test generato: 4562
Test generato: 4563
Test generato: 4564
Test generato: 4565
Test generato: 4566
Test generato: 4567
Test generato: 4568
Test generato: 4569
Test generato: 4570
Test generato: 4571
Test generato: 4572
Test generato: 4573
Test generato: 4574
Test generato: 4575
Test generato: 4576
Test generato: 4577
Test generato: 4578
Test generato: 4579
Test generato: 4580
Test generato: 4581
Test generato: 4582
Test generato: 4583
Test generato: 4584
Test generato: 4585
Test generato: 4586
Test generato: 4587
Test generato: 4588
Test generato: 4589
Test generato: 4590
Test generato: 4591
Test generato: 4592
Test generato: 4593
Test generato: 4594
Test generato: 4595
Test generato: 4596
Test generato: 4597
Test generato: 4598
Test generato: 4599
Test generato: 4600
Test generato: 4601
Test generato: 4602
Test generato: 4603
Test generato: 4604
Test generato: 4605
Test generato: 4606
Test generato: 4607
Test generato: 4608
Test generato: 4609
Test generato: 4610
Test generato: 4611
Test generato: 4612
Test generato: 4613
Test generato: 4614
Test generato: 4615
Test generato: 4616
Test generato: 4617
Test generato: 4618
Test generato: 4619
Test generato: 4620
Test generato: 4621
Test generato: 4622
Test generato: 4623
Test generato: 4624
Test generato: 4625
Test generato: 4626
Test generato: 4627
Test generato: 4628
Test generato: 4629
Test generato: 4630
Test generato: 4631
Test generato: 4632
Test generato: 4633
Test generato: 4634
Test generato: 4635
Test generato: 4636
Test generato: 4637
Test generato: 4638
Test generato: 4639
Test generato: 4640
Test generato: 4641
Test generato: 4642
Test generato: 4643
Test generato: 4644
Test generato: 4645
Test generato: 4646
Test generato: 4647
Test generato: 4648
Test generato: 4649
Test generato: 4650
Test generato: 4651
Test generato: 4652
Test generato: 4653
Test generato: 4654
Test generato: 4655
Test generato: 4656
Test generato: 4657
Test generato: 4658
Test generato: 4659
Test generato: 4660
Test generato: 4661
Test generato: 4662
Test generato: 4663
Test generato: 4664
Test generato: 4665
Test generato: 4666
Test generato: 4667
Test generato: 4668
Test generato: 4669
Test generato: 4670
Test generato: 4671
Test generato: 4672
Test generato: 4673
Test generato: 4674
Test generato: 4675
Test generato: 4676
Test generato: 4677
Test generato: 4678
Test generato: 4679
Test generato: 4680
Test generato: 4681
Test generato: 4682
Test generato: 4683
Test generato: 4684
Test generato: 4685
Test generato: 4686
Test generato: 4687
Test generato: 4688
Test generato: 4689
Test generato: 4690
Test generato: 4691
Test generato: 4692
Test generato: 4693
Test generato: 4694
Test generato: 4695
Test generato: 4696
Test generato: 4697
Test generato: 4698
Test generato: 4699
Test generato: 4700
Test generato: 4701
Test generato: 4702
Test generato: 4703
Test generato: 4704
Test generato: 4705
Test generato: 4706
Test generato: 4707
Test generato: 4708
Test generato: 4709
Test generato: 4710
Test generato: 4711
Test generato: 4712
Test generato: 4713
Test generato: 4714
Test generato: 4715
Test generato: 4716
Test generato: 4717
Test generato: 4718
Test generato: 4719
Test generato: 4720
Test generato: 4721
Test generato: 4722
Test generato: 4723
Test generato: 4724
Test generato: 4725
Test generato: 4726
Test generato: 4727
Test generato: 4728
Test generato: 4729
Test generato: 4730
Test generato: 4731
Test generato: 4732
Test generato: 4733
Test generato: 4734
Test generato: 4735
Test generato: 4736
Test generato: 4737
Test generato: 4738
Test generato: 4739
Test generato: 4740
Test generato: 4741
Test generato: 4742
Test generato: 4743
Test generato: 4744
Test generato: 4745
Test generato: 4746
Test generato: 4747
Test generato: 4748
Test generato: 4749
Test generato: 4750
Test generato: 4751
Test generato: 4752
Test generato: 4753
Test generato: 4754
Test generato: 4755
Test generato: 4756
Test generato: 4757
Test generato: 4758
Test generato: 4759
Test generato: 4760
Test generato: 4761
Test generato: 4762
Test generato: 4763
Test generato: 4764
Test generato: 4765
Test generato: 4766
Test generato: 4767
Test generato: 4768
Test generato: 4769
Test generato: 4770
Test generato: 4771
Test generato: 4772
Test generato: 4773
Test generato: 4774
Test generato: 4775
Test generato: 4776
Test generato: 4777
Test generato: 4778
Test generato: 4779
Test generato: 4780
Test generato: 4781
Test generato: 4782
Test generato: 4783
Test generato: 4784
Test generato: 4785
Test generato: 4786
Test generato: 4787
Test generato: 4788
Test generato: 4789
Test generato: 4790
Test generato: 4791
Test generato: 4792
Test generato: 4793
Test generato: 4794
Test generato: 4795
Test generato: 4796
Test generato: 4797
Test generato: 4798
Test generato: 4799
Test generato: 4800
Test generato: 4801
Test generato: 4802
Test generato: 4803
Test generato: 4804
Test generato: 4805
Test generato: 4806
Test generato: 4807
Test generato: 4808
Test generato: 4809
Test generato: 4810
Test generato: 4811
Test generato: 4812
Test generato: 4813
Test generato: 4814
Test generato: 4815
Test generato: 4816
Test generato: 4817
Test generato: 4818
Test generato: 4819
Test generato: 4820
Test generato: 4821
Test generato: 4822
Test generato: 4823
Test generato: 4824
Test generato: 4825
Test generato: 4826
Test generato: 4827
Test generato: 4828
Test generato: 4829
Test generato: 4830
Test generato: 4831
Test generato: 4832
Test generato: 4833
Test generato: 4834
Test generato: 4835
Test generato: 4836
Test generato: 4837
Test generato: 4838
Test generato: 4839
Test generato: 4840
Test generato: 4841
Test generato: 4842
Test generato: 4843
Test generato: 4844
Test generato: 4845
Test generato: 4846
Test generato: 4847
Test generato: 4848
Test generato: 4849
Test generato: 4850
Test generato: 4851
Test generato: 4852
Test generato: 4853
Test generato: 4854
Test generato: 4855
Test generato: 4856
Test generato: 4857
Test generato: 4858
Test generato: 4859
Test generato: 4860
Test generato: 4861
Test generato: 4862
Test generato: 4863
Test generato: 4864
Test generato: 4865
Test generato: 4866
Test generato: 4867
Test generato: 4868
Test generato: 4869
Test generato: 4870
Test generato: 4871
Test generato: 4872
Test generato: 4873
Test generato: 4874
Test generato: 4875
Test generato: 4876
Test generato: 4877
Test generato: 4878
Test generato: 4879
Test generato: 4880
Test generato: 4881
Test generato: 4882
Test generato: 4883
Test generato: 4884
Test generato: 4885
Test generato: 4886
Test generato: 4887
Test generato: 4888
Test generato: 4889
Test generato: 4890
Test generato: 4891
Test generato: 4892
Test generato: 4893
Test generato: 4894
Test generato: 4895
Test generato: 4896
Test generato: 4897
Test generato: 4898
Test generato: 4899
Test generato: 4900
Test generato: 4901
Test generato: 4902
Test generato: 4903
Test generato: 4904
Test generato: 4905
Test generato: 4906
Test generato: 4907
Test generato: 4908
Test generato: 4909
Test generato: 4910
Test generato: 4911
Test generato: 4912
Test generato: 4913
Test generato: 4914
Test generato: 4915
Test generato: 4916
Test generato: 4917
Test generato: 4918
Test generato: 4919
Test generato: 4920
Test generato: 4921
Test generato: 4922
Test generato: 4923
Test generato: 4924
Test generato: 4925
Test generato: 4926
Test generato: 4927
Test generato: 4928
Test generato: 4929
Test generato: 4930
Test generato: 4931
Test generato: 4932
Test generato: 4933
Test generato: 4934
Test generato: 4935
Test generato: 4936
Test generato: 4937
Test generato: 4938
Test generato: 4939
Test generato: 4940
Test generato: 4941
Test generato: 4942
Test generato: 4943
Test generato: 4944
Test generato: 4945
Test generato: 4946
Test generato: 4947
Test generato: 4948
Test generato: 4949
Test generato: 4950
File creato: data/asp_generated_full_hpc.jsonl
Test generati: 4950
Generazione terminata.
Righe generate:
4950 data/asp_generated_full_hpc.jsonl
Avvio controllo ASP...
ASP validation report
Total examples: 4950
Correct: 398
Wrong answer: 496
Errors/timeouts: 4056

File creato: data/asp_checked_full_hpc.jsonl
Report creato: outputs/asp_validation_report_full_hpc.txt
Controllo terminato.
Righe controllate:
4950 data/asp_checked_full_hpc.jsonl
Report finale:
ASP validation report
Total examples: 4950
Correct: 398
Wrong answer: 496
Errors/timeouts: 4056
Fine job.
